file,tag,kp,kp_tilt,frames,duration,fps,detect,track,n_used,n_excluded,rmse_ex,rmse_ey,max_abs_ex,age
track_kp1.5_run1_20261006_193326.csv,kp1.5_run1,,,1059,35.39,29.89,0.882,0.971,907,152,0.2018,0.097,0.9664,774.0405
track_kp1.5_run2_20261006_194917.csv,kp1.5_run2,,,581,19.58,29.62,1.0,1.0,581,0,0.2643,0.0766,0.5215,412.4679
track_kp1.5_run3_20261006_194941.csv,kp1.5_run3,,,554,18.45,29.98,0.998,0.998,552,2,0.3169,0.0792,0.6233,400.2925
track_kp2.0_run1_20261006_193405.csv,kp2.0_run1,,,940,31.32,29.98,0.989,0.997,927,13,0.1719,0.0875,0.5401,459.7655
track_kp2.0_run2_20261006_195004.csv,kp2.0_run2,,,547,18.19,30.01,0.768,0.981,412,135,0.3954,0.0845,0.8418,651.7557
track_kp2.0_run3_20261006_195026.csv,kp2.0_run3,,,615,20.48,29.98,0.998,0.995,611,4,0.2954,0.0762,0.9484,576.5505
track_kp2.5_run1_20261006_193441.csv,kp2.5_run1,,,1262,42.06,29.98,1.0,0.999,1261,1,0.1157,0.1007,0.3262,3978.7454
track_kp2.5_run2_20261006_195050.csv,kp2.5_run2,,,639,21.28,29.98,1.0,1.0,639,0,0.3322,0.0676,0.8815,399.4822
track_kp2.5_run3_20261006_195116.csv,kp2.5_run3,,,542,18.05,29.98,1.0,0.998,541,1,0.3526,0.0746,0.7845,380.4358
track_kp4.5_run1_20261006_193527.csv,kp4.5_run1,,,1274,42.46,29.98,0.471,0.983,590,684,0.1243,0.1487,0.4746,4566.4551
track_kp4.5_run2_20261006_195138.csv,kp4.5_run2,,,639,21.28,29.98,1.0,1.0,639,0,0.2804,0.0579,0.8614,339.8805
track_kp4.5_run3_20261006_195203.csv,kp4.5_run3,,,717,23.88,29.98,1.0,0.997,715,2,0.3504,0.0563,0.9131,334.5191
track_p4_ctrl_20261006_205122.csv,p4_ctrl,,,755,25.13,30.0,0.952,0.975,701,54,0.3946,0.3603,0.9813,224.9548
track_p4_input_20261006_205151.csv,p4_input,,,265,8.8,30.0,1.0,1.0,265,0,0.3637,0.3114,0.8479,349.7166
track_p4_normal_20261006_205250.csv,p4_normal,,,1274,42.46,29.98,0.764,0.964,938,336,0.2466,0.4066,0.953,626.1159
track_p4_occl_20261006_205337.csv,p4_occl,,,1482,49.41,29.98,0.547,0.968,784,698,0.2605,0.3256,0.673,565.8195
