file,kind,t_lost,stop_ok,stop_delay,t_last_in,timeout_s,t_reappear,t_recover,recover_s,success
track_p4_ctrl_20261006_205122.csv,LOST,12.47,True,0.048,,,12.579,12.67,0.091,True
track_p4_ctrl_20261006_205122.csv,LOST,12.77,True,0.048,,,12.945,13.018,0.073,True
track_p4_ctrl_20261006_205122.csv,LOST,18.368,True,0.049,,,18.649,18.717,0.068,True
track_p4_ctrl_20261006_205122.csv,LOST,23.619,True,0.052,,,23.719,23.819,0.1,True
track_p4_ctrl_20261006_205122.csv,LOST,24.072,True,0.047,,,24.454,24.57,0.116,True
track_p4_input_20261006_205151.csv,TIMEOUT,13.696,True,0.05,13.155,0.541,,,,False
track_p4_normal_20261006_205250.csv,LOST,5.61,True,0.05,,,6.736,6.81,0.074,True
track_p4_normal_20261006_205250.csv,LOST,7.46,True,0.051,,,8.138,8.46,0.322,True
track_p4_normal_20261006_205250.csv,LOST,10.11,True,0.05,,,11.175,11.26,0.085,True
track_p4_normal_20261006_205250.csv,LOST,12.262,True,0.05,,,13.044,13.161,0.117,True
track_p4_normal_20261006_205250.csv,LOST,24.063,True,0.049,,,24.485,24.56,0.075,True
track_p4_normal_20261006_205250.csv,LOST,24.86,True,0.051,,,25.053,25.162,0.109,True
track_p4_normal_20261006_205250.csv,LOST,25.212,True,0.048,,,25.984,26.063,0.079,True
track_p4_normal_20261006_205250.csv,LOST,38.812,True,0.048,,,39.264,39.36,0.096,True
track_p4_normal_20261006_205250.csv,LOST,40.513,True,0.048,,,40.597,40.714,0.117,True
track_p4_normal_20261006_205250.csv,LOST,40.812,True,0.047,,,41.531,41.614,0.083,True
track_p4_normal_20261006_205250.csv,LOST,41.712,True,0.049,,,,,,False
track_p4_occl_20261006_205337.csv,LOST,10.614,True,0.05,,,12.561,12.663,0.102,True
track_p4_occl_20261006_205337.csv,LOST,17.114,True,0.049,,,20.899,21.015,0.116,True
track_p4_occl_20261006_205337.csv,LOST,25.417,True,0.046,,,29.135,29.215,0.08,True
track_p4_occl_20261006_205337.csv,LOST,33.263,True,0.051,,,35.668,35.767,0.099,True
track_p4_occl_20261006_205337.csv,LOST,40.812,True,0.051,,,42.54,42.664,0.124,True
track_p4_occl_20261006_205337.csv,LOST,47.766,True,0.048,,,48.651,48.765,0.114,True
track_p4_occl_20261006_205337.csv,LOST,48.813,True,0.05,,,,,,False
