run_id,time_s,frame_id,detected,ex,ey,area_ratio,state,command,command_tilt,command_unit
p4_input_20261006_205151,4.3547,1791287166268414464,1,0.09129,-0.04892,0.006554,TRACKING,-0.12132,0.04424,rad/s
p4_input_20261006_205151,4.3822,1791287166301771776,1,0.10405,-0.03984,0.006543,TRACKING,-0.12132,0.04424,rad/s
p4_input_20261006_205151,4.4161,1791287166335128832,1,0.11501,-0.03188,0.006547,TRACKING,-0.15608,0.00000,rad/s
p4_input_20261006_205151,4.4495,1791287166368486144,1,0.12442,-0.02786,0.006549,TRACKING,-0.17251,0.00000,rad/s
p4_input_20261006_205151,4.4827,1791287166401843200,1,0.13061,-0.02463,0.006478,TRACKING,-0.17251,0.00000,rad/s
p4_input_20261006_205151,4.5143,1791287166435200512,1,0.13335,-0.02488,0.006454,TRACKING,-0.19592,0.00000,rad/s
p4_input_20261006_205151,4.5501,1791287166468557568,1,0.13230,-0.02463,0.006402,TRACKING,-0.20002,0.00000,rad/s
p4_input_20261006_205151,4.5823,1791287166501914624,1,0.12903,-0.02626,0.006341,TRACKING,-0.20002,0.00000,rad/s
p4_input_20261006_205151,4.6146,1791287166535271680,1,0.12289,-0.02486,0.006356,TRACKING,-0.19355,0.00000,rad/s
p4_input_20261006_205151,4.6506,1791287166568628992,1,0.11567,-0.02286,0.006306,TRACKING,-0.18434,0.00000,rad/s
p4_input_20261006_205151,4.6803,1791287166601986048,1,0.10669,-0.02142,0.006270,TRACKING,-0.18434,0.00000,rad/s
p4_input_20261006_205151,4.7140,1791287166635343360,1,0.09575,-0.02234,0.006189,TRACKING,-0.16004,0.00000,rad/s
p4_input_20261006_205151,4.7489,1791287166668700416,1,0.08239,-0.02459,0.006115,TRACKING,-0.14363,0.00000,rad/s
p4_input_20261006_205151,4.7818,1791287166702057472,1,0.06792,-0.02479,0.006120,TRACKING,-0.14363,0.00000,rad/s
p4_input_20261006_205151,4.8138,1791287166735414528,1,0.05265,-0.01891,0.006176,TRACKING,-0.10188,0.00000,rad/s
p4_input_20261006_205151,4.8506,1791287166768771840,1,0.03925,-0.00817,0.006259,TRACKING,-0.07897,0.00000,rad/s
p4_input_20261006_205151,4.8808,1791287166802128896,1,0.03172,0.01365,0.006469,TRACKING,-0.07897,0.00000,rad/s
p4_input_20261006_205151,4.9142,1791287166835485952,1,0.03041,0.03363,0.006899,CENTERED,0.00000,0.00000,rad/s
p4_input_20261006_205151,4.9504,1791287166868843008,1,0.02736,0.04543,0.007298,CENTERED,0.00000,0.00000,rad/s
p4_input_20261006_205151,4.9808,1791287166902200320,1,0.02350,0.04715,0.007632,CENTERED,0.00000,0.00000,rad/s
p4_input_20261006_205151,5.0147,1791287166935557120,1,0.02331,0.03927,0.007862,CENTERED,0.00000,0.00000,rad/s
p4_input_20261006_205151,5.0496,1791287166968914432,1,0.02413,0.02519,0.007947,CENTERED,0.00000,0.00000,rad/s
p4_input_20261006_205151,5.0819,1791287167002271488,1,0.02489,0.00831,0.008173,CENTERED,0.00000,0.00000,rad/s
p4_input_20261006_205151,5.1150,1791287167035628544,1,0.02741,-0.00881,0.008257,CENTERED,0.00000,0.00000,rad/s
p4_input_20261006_205151,5.1500,1791287167068985600,1,0.03177,-0.02809,0.008357,CENTERED,0.00000,0.00000,rad/s
p4_input_20261006_205151,5.1818,1791287167102342656,1,0.03775,-0.04385,0.008513,CENTERED,0.00000,0.00000,rad/s
p4_input_20261006_205151,5.2144,1791287167135699712,1,0.04171,-0.06114,0.008644,CENTERED,0.00000,0.00000,rad/s
p4_input_20261006_205151,5.2508,1791287167169056768,1,0.04445,-0.08402,0.008783,TRACKING,0.00000,0.04891,rad/s
p4_input_20261006_205151,5.2819,1791287167202414080,1,0.04775,-0.10440,0.008989,TRACKING,0.00000,0.04891,rad/s
p4_input_20261006_205151,5.3138,1791287167235770880,1,0.04776,-0.12147,0.009245,TRACKING,0.00000,0.08352,rad/s
p4_input_20261006_205151,5.3520,1791287167269128448,1,0.04669,-0.13679,0.009408,TRACKING,0.00000,0.09718,rad/s
p4_input_20261006_205151,5.3809,1791287167302485760,1,0.04583,-0.14341,0.009516,TRACKING,0.00000,0.09718,rad/s
p4_input_20261006_205151,5.4152,1791287167335843328,1,0.04457,-0.14536,0.009601,TRACKING,0.00000,0.11473,rad/s
p4_input_20261006_205151,5.4511,1791287167369200640,1,0.04368,-0.14690,0.009596,TRACKING,0.00000,0.11629,rad/s
p4_input_20261006_205151,5.4808,1791287167402558208,1,0.04202,-0.14448,0.009599,TRACKING,0.00000,0.11629,rad/s
p4_input_20261006_205151,5.5153,1791287167435915520,1,0.03799,-0.14066,0.009507,TRACKING,0.00000,0.11558,rad/s
p4_input_20261006_205151,5.5513,1791287167469272832,1,0.03092,-0.13676,0.009544,TRACKING,0.00000,0.11253,rad/s
p4_input_20261006_205151,5.5808,1791287167502630656,1,0.02085,-0.12855,0.009449,TRACKING,0.00000,0.11253,rad/s
p4_input_20261006_205151,5.6159,1791287167535987968,1,0.00981,-0.10721,0.009364,TRACKING,0.00000,0.10284,rad/s
p4_input_20261006_205151,5.6522,1791287167569345536,1,-0.00122,-0.08480,0.009332,TRACKING,0.00000,0.08576,rad/s
p4_input_20261006_205151,5.6818,1791287167602702848,1,-0.01109,-0.06031,0.009264,TRACKING,0.00000,0.08576,rad/s
p4_input_20261006_205151,5.7143,1791287167636060416,1,-0.02024,-0.03752,0.009314,TRACKING,0.00000,0.04824,rad/s
p4_input_20261006_205151,5.7518,1791287167669417728,1,-0.03067,-0.01168,0.009288,CENTERED,0.00000,0.00000,rad/s
p4_input_20261006_205151,5.7822,1791287167702775040,1,-0.03992,0.00639,0.009334,CENTERED,0.00000,0.00000,rad/s
p4_input_20261006_205151,5.8155,1791287167736132608,1,-0.04868,0.02317,0.009358,CENTERED,0.00000,0.00000,rad/s
p4_input_20261006_205151,5.8516,1791287167769489920,1,-0.05854,0.03597,0.009410,CENTERED,0.00000,0.00000,rad/s
p4_input_20261006_205151,5.8819,1791287167802847488,1,-0.06668,0.04352,0.009403,CENTERED,0.00000,0.00000,rad/s
p4_input_20261006_205151,5.9157,1791287167836204800,1,-0.07395,0.04869,0.009455,TRACKING,0.10003,0.00000,rad/s
p4_input_20261006_205151,5.9506,1791287167869562368,1,-0.07816,0.04487,0.009312,TRACKING,0.11093,0.00000,rad/s
p4_input_20261006_205151,5.9830,1791287167902919680,1,-0.08029,0.04019,0.009382,TRACKING,0.11093,0.00000,rad/s
p4_input_20261006_205151,6.0174,1791287167936276992,1,-0.07799,0.03197,0.009288,TRACKING,0.12044,0.00000,rad/s
p4_input_20261006_205151,6.0507,1791287167969634560,1,-0.07419,0.02315,0.009336,TRACKING,0.11698,0.00000,rad/s
p4_input_20261006_205151,6.0820,1791287168002991872,1,-0.07072,0.01025,0.009251,TRACKING,0.11698,0.00000,rad/s
p4_input_20261006_205151,6.1153,1791287168036349440,1,-0.07003,0.00192,0.009438,TRACKING,0.10608,0.00000,rad/s
p4_input_20261006_205151,6.1515,1791287168069706752,1,-0.07227,-0.00827,0.009214,TRACKING,0.10505,0.00000,rad/s
p4_input_20261006_205151,6.1819,1791287168103064320,1,-0.08061,-0.02257,0.009080,TRACKING,0.10505,0.00000,rad/s
p4_input_20261006_205151,6.2176,1791287168136421632,1,-0.09287,-0.04103,0.009039,TRACKING,0.12092,0.00000,rad/s
p4_input_20261006_205151,6.2499,1791287168169778944,1,-0.10937,-0.05362,0.009312,TRACKING,0.13930,0.00000,rad/s
p4_input_20261006_205151,6.2840,1791287168203136512,1,-0.12538,-0.06071,0.009505,TRACKING,0.13930,0.00000,rad/s
p4_input_20261006_205151,6.3151,1791287168236493824,1,-0.14497,-0.06082,0.009451,TRACKING,0.18806,0.04857,rad/s
p4_input_20261006_205151,6.3522,1791287168269851648,1,-0.16204,-0.06105,0.009410,TRACKING,0.21745,0.04866,rad/s
p4_input_20261006_205151,6.3809,1791287168303209216,1,-0.17998,-0.05761,0.009484,TRACKING,0.21745,0.04866,rad/s
p4_input_20261006_205151,6.4184,1791287168336566784,1,-0.19440,-0.05446,0.009568,TRACKING,0.26997,0.04609,rad/s
p4_input_20261006_205151,6.4502,1791287168369924864,1,-0.20455,-0.04973,0.009640,TRACKING,0.29160,0.04356,rad/s
p4_input_20261006_205151,6.4806,1791287168403282432,1,-0.21403,-0.04420,0.009720,TRACKING,0.29160,0.04356,rad/s
p4_input_20261006_205151,6.5167,1791287168436640256,1,-0.22511,-0.02809,0.009748,TRACKING,0.32104,0.00000,rad/s
p4_input_20261006_205151,6.5508,1791287168469998080,1,-0.23680,-0.01210,0.009941,TRACKING,0.33767,0.00000,rad/s
p4_input_20261006_205151,6.5823,1791287168503355648,1,-0.24846,0.00183,0.010245,TRACKING,0.33767,0.00000,rad/s
p4_input_20261006_205151,6.6187,1791287168536713472,1,-0.25921,0.01086,0.010343,TRACKING,0.37269,0.00000,rad/s
p4_input_20261006_205151,6.6515,1791287168570071296,1,-0.27161,0.01428,0.010595,TRACKING,0.38881,0.00000,rad/s
p4_input_20261006_205151,6.6838,1791287168603428864,1,-0.28195,0.01949,0.010731,TRACKING,0.38881,0.00000,rad/s
p4_input_20261006_205151,6.7175,1791287168636786688,1,-0.28983,0.02058,0.010966,TRACKING,0.42292,0.00000,rad/s
p4_input_20261006_205151,6.7534,1791287168670144512,1,-0.29686,0.01871,0.010987,TRACKING,0.43474,0.00000,rad/s
p4_input_20261006_205151,6.7823,1791287168703502080,1,-0.30512,0.01312,0.011363,TRACKING,0.43474,0.00000,rad/s
p4_input_20261006_205151,6.8174,1791287168736859904,1,-0.31108,0.00363,0.011183,TRACKING,0.45768,0.00000,rad/s
p4_input_20261006_205151,6.8497,1791287168770217728,1,-0.31684,-0.00492,0.011480,TRACKING,0.46661,0.00000,rad/s
p4_input_20261006_205151,6.8850,1791287168803575552,1,-0.32201,-0.01504,0.011580,TRACKING,0.46661,0.00000,rad/s
p4_input_20261006_205151,6.9163,1791287168836933120,1,-0.33148,-0.01933,0.011430,TRACKING,0.48301,0.00000,rad/s
p4_input_20261006_205151,6.9503,1791287168870290944,1,-0.33823,-0.02494,0.011441,TRACKING,0.49722,0.00000,rad/s
p4_input_20261006_205151,6.9832,1791287168903648768,1,-0.34365,-0.02417,0.011304,TRACKING,0.49722,0.00000,rad/s
p4_input_20261006_205151,7.0151,1791287168937006336,1,-0.34871,-0.02857,0.011285,TRACKING,0.51547,0.00000,rad/s
p4_input_20261006_205151,7.0515,1791287168970364160,1,-0.35015,-0.02847,0.011254,TRACKING,0.52306,0.00000,rad/s
p4_input_20261006_205151,7.0834,1791287169003721984,1,-0.34995,-0.03068,0.011183,TRACKING,0.52306,0.00000,rad/s
p4_input_20261006_205151,7.1165,1791287169037079552,1,-0.34910,-0.03305,0.010885,TRACKING,0.52493,0.00000,rad/s
p4_input_20261006_205151,7.1514,1791287169070437376,1,-0.34554,-0.03481,0.010875,TRACKING,0.52365,0.00000,rad/s
p4_input_20261006_205151,7.1830,1791287169103795200,1,-0.34479,-0.03393,0.010803,TRACKING,0.52365,0.00000,rad/s
p4_input_20261006_205151,7.2140,1791287169137153024,1,-0.34059,-0.02918,0.010610,TRACKING,0.51719,0.00000,rad/s
p4_input_20261006_205151,7.2511,1791287169170510848,1,-0.33619,-0.02459,0.010575,TRACKING,0.51089,0.00000,rad/s
p4_input_20261006_205151,7.2850,1791287169203868416,1,-0.33314,-0.02122,0.010642,TRACKING,0.51089,0.00000,rad/s
p4_input_20261006_205151,7.3171,1791287169237226240,1,-0.32782,-0.02158,0.010445,TRACKING,0.49972,0.00000,rad/s
p4_input_20261006_205151,7.3536,1791287169270584320,1,-0.32470,-0.02467,0.010434,TRACKING,0.49174,0.00000,rad/s
p4_input_20261006_205151,7.3823,1791287169303942144,1,-0.32099,-0.03010,0.010315,TRACKING,0.49174,0.00000,rad/s
p4_input_20261006_205151,7.4166,1791287169337299968,1,-0.31598,-0.03802,0.010011,TRACKING,0.48149,0.00000,rad/s
p4_input_20261006_205151,7.4516,1791287169370658304,1,-0.31188,-0.04776,0.009831,TRACKING,0.47397,0.00000,rad/s
p4_input_20261006_205151,7.4830,1791287169404016128,1,-0.30712,-0.05974,0.009818,TRACKING,0.47397,0.00000,rad/s
p4_input_20261006_205151,7.5168,1791287169437373952,1,-0.30382,-0.07111,0.009642,TRACKING,0.46069,0.04780,rad/s
p4_input_20261006_205151,7.5520,1791287169470732032,1,-0.30009,-0.08310,0.009690,TRACKING,0.45573,0.05689,rad/s
p4_input_20261006_205151,7.5848,1791287169504090112,1,-0.29690,-0.09054,0.009750,TRACKING,0.45573,0.05689,rad/s
p4_input_20261006_205151,7.6173,1791287169537447936,1,-0.29489,-0.09674,0.009570,TRACKING,0.44535,0.07243,rad/s
p4_input_20261006_205151,7.6526,1791287169570806016,1,-0.29170,-0.10448,0.009520,TRACKING,0.44234,0.07739,rad/s
p4_input_20261006_205151,7.6832,1791287169604164096,1,-0.28818,-0.11315,0.009388,TRACKING,0.44234,0.07739,rad/s
p4_input_20261006_205151,7.7166,1791287169637521920,1,-0.28472,-0.12547,0.009353,TRACKING,0.43227,0.09052,rad/s
p4_input_20261006_205151,7.7543,1791287169670880000,1,-0.27892,-0.13909,0.009167,TRACKING,0.42708,0.10038,rad/s
p4_input_20261006_205151,7.7837,1791287169704238080,1,-0.27113,-0.15233,0.008845,TRACKING,0.42708,0.10038,rad/s
p4_input_20261006_205151,7.8182,1791287169737595904,1,-0.26210,-0.16201,0.009008,TRACKING,0.40670,0.12186,rad/s
p4_input_20261006_205151,7.8512,1791287169770953984,1,-0.25367,-0.16902,0.008952,TRACKING,0.39315,0.12961,rad/s
p4_input_20261006_205151,7.8829,1791287169804312064,1,-0.24228,-0.16869,0.008757,TRACKING,0.39315,0.12961,rad/s
p4_input_20261006_205151,7.9161,1791287169837669888,1,-0.22883,-0.17076,0.008615,TRACKING,0.36342,0.13495,rad/s
p4_input_20261006_205151,7.9531,1791287169871027968,1,-0.21516,-0.16952,0.008622,TRACKING,0.34325,0.13661,rad/s
p4_input_20261006_205151,7.9826,1791287169904386048,1,-0.19912,-0.16343,0.008550,TRACKING,0.34325,0.13661,rad/s
p4_input_20261006_205151,8.0146,1791287169937744128,1,-0.18022,-0.15649,0.008327,TRACKING,0.29868,0.13075,rad/s
p4_input_20261006_205151,8.0522,1791287169971101952,1,-0.16354,-0.14325,0.008342,TRACKING,0.27033,0.12520,rad/s
p4_input_20261006_205151,8.0834,1791287170004460032,1,-0.14358,-0.12231,0.008242,TRACKING,0.27033,0.12520,rad/s
p4_input_20261006_205151,8.1184,1791287170037818112,1,-0.12449,-0.09806,0.008329,TRACKING,0.21537,0.09785,rad/s
p4_input_20261006_205151,8.1526,1791287170071175936,1,-0.10299,-0.06981,0.008342,TRACKING,0.18673,0.07845,rad/s
p4_input_20261006_205151,8.1833,1791287170104534272,1,-0.07969,-0.03733,0.008390,TRACKING,0.18673,0.07845,rad/s
p4_input_20261006_205151,8.2169,1791287170137892096,1,-0.05498,-0.00233,0.008424,TRACKING,0.11954,0.00000,rad/s
p4_input_20261006_205151,8.2515,1791287170171250176,1,-0.02976,0.03404,0.008563,TRACKING,0.08247,0.00000,rad/s
p4_input_20261006_205151,8.2846,1791287170204608256,1,-0.00737,0.06951,0.008724,TRACKING,0.08247,0.00000,rad/s
p4_input_20261006_205151,8.3180,1791287170237966336,1,0.01265,0.10775,0.008950,TRACKING,0.00000,-0.05561,rad/s
p4_input_20261006_205151,8.3527,1791287170271323904,1,0.03519,0.14170,0.009173,TRACKING,0.00000,-0.08620,rad/s
p4_input_20261006_205151,8.3822,1791287170304681984,1,0.05833,0.17948,0.009373,TRACKING,0.00000,-0.08620,rad/s
p4_input_20261006_205151,8.4187,1791287170338039808,1,0.08080,0.21446,0.009813,TRACKING,-0.08749,-0.14358,rad/s
p4_input_20261006_205151,8.4516,1791287170371397632,1,0.10226,0.24481,0.010156,TRACKING,-0.12119,-0.17157,rad/s
p4_input_20261006_205151,8.4838,1791287170404755456,1,0.12056,0.28019,0.010447,TRACKING,-0.12119,-0.17157,rad/s
p4_input_20261006_205151,8.5173,1791287170438113280,1,0.13689,0.31019,0.010636,TRACKING,-0.18083,-0.22415,rad/s
p4_input_20261006_205151,8.5501,1791287170471471104,1,0.15100,0.34296,0.010905,TRACKING,-0.20533,-0.24815,rad/s
p4_input_20261006_205151,8.5851,1791287170504829184,1,0.16355,0.37031,0.011120,TRACKING,-0.20533,-0.24815,rad/s
p4_input_20261006_205151,8.6158,1791287170538186752,1,0.17366,0.39271,0.011547,TRACKING,-0.24533,-0.29625,rad/s
p4_input_20261006_205151,8.6542,1791287170571544576,1,0.18186,0.41183,0.011719,TRACKING,-0.26050,-0.31416,rad/s
p4_input_20261006_205151,8.6856,1791287170604902656,1,0.18947,0.42987,0.011970,TRACKING,-0.26050,-0.31416,rad/s
p4_input_20261006_205151,8.7175,1791287170638260480,1,0.19600,0.44910,0.012086,TRACKING,-0.28420,-0.34390,rad/s
p4_input_20261006_205151,8.7545,1791287170671618048,1,0.20231,0.46904,0.012391,TRACKING,-0.29400,-0.35928,rad/s
p4_input_20261006_205151,8.7848,1791287170704976128,1,0.20719,0.48455,0.012626,TRACKING,-0.29400,-0.35928,rad/s
p4_input_20261006_205151,8.8169,1791287170738333952,1,0.21158,0.49850,0.012895,TRACKING,-0.31078,-0.38764,rad/s
p4_input_20261006_205151,8.8510,1791287170771691776,1,0.21516,0.51122,0.013060,TRACKING,-0.31736,-0.39880,rad/s
p4_input_20261006_205151,8.8849,1791287170805049600,1,0.22002,0.52453,0.013301,TRACKING,-0.31736,-0.39880,rad/s
p4_input_20261006_205151,8.9186,1791287170838407424,1,0.22273,0.54005,0.013477,TRACKING,-0.33003,-0.40000,rad/s
p4_input_20261006_205151,8.9520,1791287170871765504,1,0.22529,0.55378,0.013698,TRACKING,-0.33409,-0.40000,rad/s
p4_input_20261006_205151,8.9847,1791287170905123328,1,0.22771,0.57067,0.013850,TRACKING,-0.33409,-0.40000,rad/s
p4_input_20261006_205151,9.0171,1791287170938480896,1,0.22809,0.58506,0.014104,TRACKING,-0.34157,-0.40000,rad/s
p4_input_20261006_205151,9.0540,1791287170971838976,1,0.22755,0.60297,0.014355,TRACKING,-0.34213,-0.40000,rad/s
p4_input_20261006_205151,9.0853,1791287171005196800,1,0.22603,0.61683,0.014382,TRACKING,-0.34213,-0.40000,rad/s
p4_input_20261006_205151,9.1169,1791287171038554624,1,0.22319,0.62872,0.014414,TRACKING,-0.33904,-0.40000,rad/s
p4_input_20261006_205151,9.1524,1791287171071912448,1,0.21903,0.63404,0.014312,TRACKING,-0.33479,-0.40000,rad/s
p4_input_20261006_205151,9.1848,1791287171105270272,1,0.21377,0.63827,0.014338,TRACKING,-0.33479,-0.40000,rad/s
p4_input_20261006_205151,9.2168,1791287171138628096,1,0.21021,0.64111,0.014256,TRACKING,-0.32066,-0.40000,rad/s
p4_input_20261006_205151,9.2531,1791287171171986176,1,0.20645,0.63918,0.013987,TRACKING,-0.31532,-0.40000,rad/s
p4_input_20261006_205151,9.2847,1791287171205344000,1,0.20255,0.63222,0.013813,TRACKING,-0.31532,-0.40000,rad/s
p4_input_20261006_205151,9.3197,1791287171238701568,1,0.19961,0.62560,0.013746,TRACKING,-0.30383,-0.40000,rad/s
p4_input_20261006_205151,9.3518,1791287171272059136,1,0.19711,0.61501,0.013631,TRACKING,-0.29941,-0.40000,rad/s
p4_input_20261006_205151,9.3848,1791287171305416192,1,0.19711,0.60277,0.013472,TRACKING,-0.29941,-0.40000,rad/s
p4_input_20261006_205151,9.4188,1791287171338773504,1,0.19834,0.59097,0.013357,TRACKING,-0.29566,-0.40000,rad/s
p4_input_20261006_205151,9.4523,1791287171372130560,1,0.19933,0.57510,0.013121,TRACKING,-0.29751,-0.40000,rad/s
p4_input_20261006_205151,9.4865,1791287171405487872,1,0.19979,0.55450,0.012856,TRACKING,-0.29751,-0.40000,rad/s
p4_input_20261006_205151,9.5179,1791287171438845184,1,0.20294,0.53408,0.012737,TRACKING,-0.29969,-0.40000,rad/s
p4_input_20261006_205151,9.5543,1791287171472202496,1,0.20765,0.50914,0.012465,TRACKING,-0.30441,-0.40000,rad/s
p4_input_20261006_205151,9.5844,1791287171505559552,1,0.21474,0.48054,0.012433,TRACKING,-0.30441,-0.40000,rad/s
p4_input_20261006_205151,9.6190,1791287171538916864,1,0.22311,0.45132,0.012398,TRACKING,-0.32210,-0.38443,rad/s
p4_input_20261006_205151,9.6535,1791287171572273920,1,0.23234,0.42415,0.012387,TRACKING,-0.33467,-0.36105,rad/s
p4_input_20261006_205151,9.6850,1791287171605630976,1,0.24542,0.39656,0.012409,TRACKING,-0.33467,-0.36105,rad/s
p4_input_20261006_205151,9.7175,1791287171638988544,1,0.26270,0.37029,0.012882,TRACKING,-0.36813,-0.31725,rad/s
p4_input_20261006_205151,9.7568,1791287171672345600,1,0.27654,0.34526,0.013218,TRACKING,-0.39404,-0.29623,rad/s
p4_input_20261006_205151,9.7860,1791287171705702912,1,0.29034,0.31574,0.013618,TRACKING,-0.39404,-0.29623,rad/s
p4_input_20261006_205151,9.8176,1791287171739059968,1,0.30612,0.28647,0.014052,TRACKING,-0.43551,-0.25259,rad/s
p4_input_20261006_205151,9.8544,1791287171772417280,1,0.32468,0.25972,0.014499,TRACKING,-0.45918,-0.22917,rad/s
p4_input_20261006_205151,9.8845,1791287171805774336,1,0.34234,0.22926,0.014800,TRACKING,-0.45918,-0.22917,rad/s
p4_input_20261006_205151,9.9195,1791287171839131648,1,0.35867,0.19564,0.015312,TRACKING,-0.51351,-0.18341,rad/s
p4_input_20261006_205151,9.9519,1791287171872488704,1,0.37720,0.16305,0.015662,TRACKING,-0.53801,-0.15651,rad/s
p4_input_20261006_205151,9.9864,1791287171905846016,1,0.39632,0.12907,0.016165,TRACKING,-0.53801,-0.15651,rad/s
p4_input_20261006_205151,10.0185,1791287171939203072,1,0.41405,0.09137,0.016382,TRACKING,-0.59448,-0.10326,rad/s
p4_input_20261006_205151,10.0501,1791287171972560384,1,0.43094,0.05478,0.016623,TRACKING,-0.60000,-0.07309,rad/s
p4_input_20261006_205151,10.0859,1791287172005917440,1,0.44735,0.01943,0.017001,TRACKING,-0.60000,-0.07309,rad/s
p4_input_20261006_205151,10.1196,1791287172039274752,1,0.46196,-0.01576,0.017209,TRACKING,-0.60000,0.00000,rad/s
p4_input_20261006_205151,10.1518,1791287172072631808,1,0.47353,-0.05272,0.017311,TRACKING,-0.60000,0.00000,rad/s
p4_input_20261006_205151,10.1853,1791287172105989120,1,0.48509,-0.08742,0.017435,TRACKING,-0.60000,0.00000,rad/s
p4_input_20261006_205151,10.2188,1791287172139346176,1,0.49510,-0.12546,0.017463,TRACKING,-0.60000,0.06994,rad/s
p4_input_20261006_205151,10.2517,1791287172172703488,1,0.50257,-0.16013,0.017463,TRACKING,-0.60000,0.10037,rad/s
p4_input_20261006_205151,10.2853,1791287172206060544,1,0.50898,-0.19429,0.017574,TRACKING,-0.60000,0.10037,rad/s
p4_input_20261006_205151,10.3190,1791287172239417600,1,0.51471,-0.22170,0.017546,TRACKING,-0.60000,0.15543,rad/s
p4_input_20261006_205151,10.3522,1791287172272775680,1,0.51920,-0.24879,0.017457,TRACKING,-0.60000,0.17736,rad/s
p4_input_20261006_205151,10.3851,1791287172306133760,1,0.51973,-0.27109,0.017611,TRACKING,-0.60000,0.17736,rad/s
p4_input_20261006_205151,10.4194,1791287172339491584,1,0.51848,-0.29194,0.017452,TRACKING,-0.60000,0.21687,rad/s
p4_input_20261006_205151,10.4507,1791287172372849920,1,0.51470,-0.30597,0.017300,TRACKING,-0.60000,0.23355,rad/s
p4_input_20261006_205151,10.4851,1791287172406208000,1,0.51022,-0.32676,0.017144,TRACKING,-0.60000,0.23355,rad/s
p4_input_20261006_205151,10.5214,1791287172439565824,1,0.50362,-0.33938,0.017023,TRACKING,-0.60000,0.26141,rad/s
p4_input_20261006_205151,10.5509,1791287172472924160,1,0.49637,-0.35371,0.016873,TRACKING,-0.60000,0.27150,rad/s
p4_input_20261006_205151,10.5857,1791287172506281984,1,0.48927,-0.36536,0.016489,TRACKING,-0.60000,0.27150,rad/s
p4_input_20261006_205151,10.6187,1791287172539640064,1,0.48096,-0.37897,0.016181,TRACKING,-0.60000,0.29229,rad/s
p4_input_20261006_205151,10.6545,1791287172572998144,1,0.47131,-0.38815,0.015744,TRACKING,-0.60000,0.30318,rad/s
p4_input_20261006_205151,10.6866,1791287172606356224,1,0.46132,-0.39471,0.015332,TRACKING,-0.60000,0.30318,rad/s
p4_input_20261006_205151,10.7190,1791287172639714048,1,0.45174,-0.39800,0.014865,TRACKING,-0.60000,0.31577,rad/s
p4_input_20261006_205151,10.7541,1791287172673072384,1,0.44177,-0.40226,0.014408,TRACKING,-0.60000,0.31840,rad/s
p4_input_20261006_205151,10.7859,1791287172706430208,1,0.43006,-0.40509,0.014000,TRACKING,-0.60000,0.31840,rad/s
p4_input_20261006_205151,10.8200,1791287172739788288,1,0.41524,-0.41170,0.013490,TRACKING,-0.60000,0.32407,rad/s
p4_input_20261006_205151,10.8525,1791287172773146368,1,0.39649,-0.42518,0.012969,TRACKING,-0.60000,0.32936,rad/s
p4_input_20261006_205151,10.8865,1791287172806504448,1,0.37277,-0.43107,0.012921,TRACKING,-0.60000,0.32936,rad/s
p4_input_20261006_205151,10.9191,1791287172839862272,1,0.34627,-0.44226,0.012667,TRACKING,-0.55916,0.34486,rad/s
p4_input_20261006_205151,10.9534,1791287172873220352,1,0.31621,-0.45555,0.012281,TRACKING,-0.51941,0.35381,rad/s
p4_input_20261006_205151,10.9856,1791287172906578432,1,0.28394,-0.46566,0.012322,TRACKING,-0.51941,0.35381,rad/s
p4_input_20261006_205151,11.0187,1791287172939936512,1,0.24859,-0.48149,0.012261,TRACKING,-0.42591,0.37253,rad/s
p4_input_20261006_205151,11.0516,1791287172973294336,1,0.20715,-0.49065,0.012201,TRACKING,-0.37288,0.38519,rad/s
p4_input_20261006_205151,11.0856,1791287173006652672,1,0.16258,-0.50473,0.012500,TRACKING,-0.37288,0.38519,rad/s
p4_input_20261006_205151,11.1177,1791287173040010496,1,0.11201,-0.51372,0.012795,TRACKING,-0.24387,0.40000,rad/s
p4_input_20261006_205151,11.1524,1791287173073368576,1,0.05944,-0.53222,0.013203,TRACKING,-0.16801,0.40000,rad/s
p4_input_20261006_205151,11.1867,1791287173106726656,1,0.00536,-0.54675,0.013730,TRACKING,-0.16801,0.40000,rad/s
p4_input_20261006_205151,11.2207,1791287173140084736,1,-0.05259,-0.56765,0.014462,TRACKING,0.00000,0.40000,rad/s
p4_input_20261006_205151,11.2512,1791287173173442560,1,-0.11513,-0.58953,0.014881,TRACKING,0.07888,0.40000,rad/s
p4_input_20261006_205151,11.2857,1791287173206800896,1,-0.18157,-0.61167,0.015545,TRACKING,0.07888,0.40000,rad/s
p4_input_20261006_205151,11.3187,1791287173240158720,1,-0.24820,-0.63396,0.016261,TRACKING,0.27236,0.40000,rad/s
p4_input_20261006_205151,11.3541,1791287173273516288,1,-0.31656,-0.65213,0.016923,TRACKING,0.37229,0.40000,rad/s
p4_input_20261006_205151,11.3846,1791287173306874112,1,-0.38883,-0.66761,0.018101,TRACKING,0.37229,0.40000,rad/s
p4_input_20261006_205151,11.4195,1791287173340231680,1,-0.45800,-0.67849,0.019151,TRACKING,0.58325,0.40000,rad/s
p4_input_20261006_205151,11.4543,1791287173373588992,1,-0.52280,-0.68429,0.020048,TRACKING,0.60000,0.40000,rad/s
p4_input_20261006_205151,11.4857,1791287173406946816,1,-0.58166,-0.67985,0.021265,TRACKING,0.60000,0.40000,rad/s
p4_input_20261006_205151,11.5196,1791287173440304384,1,-0.63803,-0.66780,0.022072,TRACKING,0.60000,0.40000,rad/s
p4_input_20261006_205151,11.5524,1791287173473661952,1,-0.68796,-0.65237,0.022882,TRACKING,0.60000,0.40000,rad/s
p4_input_20261006_205151,11.5855,1791287173507019520,1,-0.73569,-0.62700,0.023895,TRACKING,0.60000,0.40000,rad/s
p4_input_20261006_205151,11.6193,1791287173540377088,1,-0.77714,-0.59931,0.024045,TRACKING,0.60000,0.40000,rad/s
p4_input_20261006_205151,11.6533,1791287173573734912,1,-0.80936,-0.56973,0.024347,TRACKING,0.60000,0.40000,rad/s
p4_input_20261006_205151,11.6861,1791287173607092224,1,-0.83034,-0.53596,0.023197,TRACKING,0.60000,0.40000,rad/s
p4_input_20261006_205151,11.7194,1791287173640450048,1,-0.83987,-0.49175,0.021480,TRACKING,0.60000,0.40000,rad/s
p4_input_20261006_205151,11.7537,1791287173673807616,1,-0.84564,-0.44844,0.020725,TRACKING,0.60000,0.39340,rad/s
p4_input_20261006_205151,11.7855,1791287173707165184,1,-0.84788,-0.40494,0.020009,TRACKING,0.60000,0.39340,rad/s
p4_input_20261006_205151,11.8202,1791287173740522752,1,-0.84601,-0.36217,0.019609,TRACKING,0.60000,0.32395,rad/s
p4_input_20261006_205151,11.8519,1791287173773880320,1,-0.83942,-0.31631,0.019976,TRACKING,0.60000,0.28974,rad/s
p4_input_20261006_205151,11.8867,1791287173807238144,1,-0.83004,-0.27187,0.020135,TRACKING,0.60000,0.28974,rad/s
p4_input_20261006_205151,11.9199,1791287173840595712,1,-0.81266,-0.22435,0.019026,TRACKING,0.60000,0.21750,rad/s
p4_input_20261006_205151,11.9518,1791287173873953280,1,-0.79674,-0.17700,0.018151,TRACKING,0.60000,0.17948,rad/s
p4_input_20261006_205151,11.9886,1791287173907311104,1,-0.77773,-0.13240,0.017676,TRACKING,0.60000,0.17948,rad/s
p4_input_20261006_205151,12.0190,1791287173940668416,1,-0.76562,-0.09034,0.017272,TRACKING,0.60000,0.10592,rad/s
p4_input_20261006_205151,12.0537,1791287173974026240,1,-0.74859,-0.04927,0.016780,TRACKING,0.60000,0.07227,rad/s
p4_input_20261006_205151,12.0872,1791287174007383808,1,-0.73354,-0.01427,0.016484,TRACKING,0.60000,0.07227,rad/s
p4_input_20261006_205151,12.1214,1791287174040741376,1,-0.72129,0.02327,0.015547,TRACKING,0.60000,0.00000,rad/s
p4_input_20261006_205151,12.1547,1791287174074099200,1,-0.71018,0.05709,0.015430,TRACKING,0.60000,0.00000,rad/s
p4_input_20261006_205151,12.1856,1791287174107456768,1,-0.69829,0.09110,0.014924,TRACKING,0.60000,0.00000,rad/s
p4_input_20261006_205151,12.2212,1791287174140814336,1,-0.68860,0.11818,0.014512,TRACKING,0.60000,-0.07288,rad/s
p4_input_20261006_205151,12.2539,1791287174174172160,1,-0.67911,0.14090,0.014076,TRACKING,0.60000,-0.09454,rad/s
p4_input_20261006_205151,12.2876,1791287174207529728,1,-0.67203,0.15792,0.013620,TRACKING,0.60000,-0.09454,rad/s
p4_input_20261006_205151,12.3198,1791287174240887552,1,-0.66450,0.17045,0.012988,TRACKING,0.60000,-0.12634,rad/s
p4_input_20261006_205151,12.3530,1791287174274244864,1,-0.65623,0.17893,0.012478,TRACKING,0.60000,-0.13636,rad/s
p4_input_20261006_205151,12.3890,1791287174307602176,1,-0.65119,0.18969,0.011903,TRACKING,0.60000,-0.13636,rad/s
p4_input_20261006_205151,12.4190,1791287174340960000,1,-0.64381,0.19530,0.011363,TRACKING,0.60000,-0.15175,rad/s
p4_input_20261006_205151,12.4514,1791287174374317312,1,-0.63525,0.20376,0.010770,TRACKING,0.60000,-0.15624,rad/s
p4_input_20261006_205151,12.4872,1791287174407675136,1,-0.62603,0.20923,0.010217,TRACKING,0.60000,-0.15624,rad/s
p4_input_20261006_205151,12.5204,1791287174441032448,1,-0.61664,0.21555,0.009837,TRACKING,0.60000,-0.16738,rad/s
p4_input_20261006_205151,12.5517,1791287174474390016,1,-0.60635,0.21762,0.009449,TRACKING,0.60000,-0.17244,rad/s
p4_input_20261006_205151,12.5867,1791287174507747584,1,-0.59134,0.22676,0.009039,TRACKING,0.60000,-0.17244,rad/s
p4_input_20261006_205151,12.6197,1791287174541105152,1,-0.57290,0.23197,0.008665,TRACKING,0.60000,-0.18141,rad/s
p4_input_20261006_205151,12.6532,1791287174574462720,1,-0.55267,0.23767,0.008427,TRACKING,0.60000,-0.18558,rad/s
p4_input_20261006_205151,12.6865,1791287174607820032,1,-0.52994,0.24768,0.008336,TRACKING,0.60000,-0.18558,rad/s
p4_input_20261006_205151,12.7208,1791287174641177856,1,-0.50352,0.25828,0.008066,TRACKING,0.60000,-0.19815,rad/s
p4_input_20261006_205151,12.7532,1791287174674535168,1,-0.47735,0.27333,0.007832,TRACKING,0.60000,-0.20663,rad/s
p4_input_20261006_205151,12.7869,1791287174707892736,1,-0.44843,0.29158,0.007652,TRACKING,0.60000,-0.20663,rad/s
p4_input_20261006_205151,12.8197,1791287174741250304,1,-0.41734,0.30797,0.007463,TRACKING,0.60000,-0.23326,rad/s
p4_input_20261006_205151,12.8543,1791287174774607872,1,-0.38892,0.32557,0.007383,TRACKING,0.60000,-0.24638,rad/s
p4_input_20261006_205151,12.8861,1791287174807965440,1,-0.35693,0.34155,0.007168,TRACKING,0.60000,-0.24638,rad/s
p4_input_20261006_205151,12.9222,1791287174841323008,1,-0.32614,0.35902,0.007355,TRACKING,0.53540,-0.27324,rad/s
p4_input_20261006_205151,12.9520,1791287174874680320,1,-0.29150,0.37148,0.007133,TRACKING,0.48922,-0.28721,rad/s
p4_input_20261006_205151,12.9864,1791287174908038144,1,-0.25862,0.38578,0.007552,TRACKING,0.48922,-0.28721,rad/s
p4_input_20261006_205151,13.0197,1791287174941395456,1,-0.22322,0.39274,0.007624,TRACKING,0.38793,-0.30863,rad/s
p4_input_20261006_205151,13.0576,1791287174974753024,1,-0.18908,0.40260,0.007901,TRACKING,0.33482,-0.31419,rad/s
p4_input_20261006_205151,13.0883,1791287175008110592,1,-0.15120,0.40841,0.008027,TRACKING,0.33482,-0.31419,rad/s
p4_input_20261006_205151,13.1216,1791287175041467904,1,-0.11351,0.41405,0.008314,TRACKING,0.22680,-0.32673,rad/s
p4_input_20261006_205151,13.1545,1791287175074825728,1,-0.07421,0.41748,0.008455,TRACKING,0.17026,-0.33124,rad/s
