t,src,stamp,ex,ey,area,age,pan_cmd,tilt_cmd,status,pan_pos,tilt_pos
1.9535,target,1791287259688058880,0.07096,-0.15225,0.017548,224.9715,,,,,
1.9718,status,,,,,,,,TRACKING,,
1.9777,target,1791287259721416448,0.05315,-0.19222,0.016760,224.9623,,,,,
1.9954,cmd,,,,,,-0.10645,0.12180,,,
2.0020,target,1791287259754774528,0.03050,-0.22905,0.015838,224.9533,,,,,
2.0198,cmd,,,,,,0.00000,0.18324,,,
2.0219,status,,,,,,,,TRACKING,,
2.0367,target,1791287259788132352,0.00280,-0.26477,0.014590,224.9547,,,,,
2.0521,joint,,,,,,,,,0.15340,0.26231
2.0691,target,1791287259821490176,-0.03009,-0.29414,0.013717,224.9536,,,,,
2.0701,cmd,,,,,,0.00000,0.21182,,,
2.0702,status,,,,,,,,TRACKING,,
2.1047,target,1791287259854848256,-0.06337,-0.30490,0.013442,224.9559,,,,,
2.1189,cmd,,,,,,0.09506,0.24392,,,
2.1215,status,,,,,,,,TRACKING,,
2.1378,target,1791287259888205824,-0.09175,-0.30850,0.013021,224.9556,,,,,
2.1681,cmd,,,,,,0.13763,0.24680,,,
2.1682,status,,,,,,,,TRACKING,,
2.1708,target,1791287259921563648,-0.11603,-0.30692,0.012589,224.9552,,,,,
2.2047,target,1791287259954921728,-0.13788,-0.30312,0.012055,224.9558,,,,,
2.2200,cmd,,,,,,0.20683,0.24249,,,
2.2201,status,,,,,,,,TRACKING,,
2.2380,target,1791287259988279552,-0.15751,-0.29278,0.011999,224.9557,,,,,
2.2684,cmd,,,,,,0.23627,0.23422,,,
2.2687,status,,,,,,,,TRACKING,,
2.2704,target,1791287260021637376,-0.17489,-0.28177,0.011398,224.9548,,,,,
2.3084,target,1791287260054995456,-0.19050,-0.25901,0.011250,224.9594,,,,,
2.3188,cmd,,,,,,0.28575,0.20721,,,
2.3190,status,,,,,,,,TRACKING,,
2.3378,target,1791287260088353536,-0.20085,-0.23800,0.011135,224.9555,,,,,
2.3679,cmd,,,,,,0.30127,0.19040,,,
2.3680,status,,,,,,,,TRACKING,,
2.3710,target,1791287260121711872,-0.20137,-0.21662,0.010907,224.9553,,,,,
2.4057,target,1791287260155069952,-0.20049,-0.19285,0.010718,224.9567,,,,,
2.4191,cmd,,,,,,0.30073,0.15428,,,
2.4203,status,,,,,,,,TRACKING,,
2.4376,target,1791287260188428544,-0.19720,-0.17600,0.010495,224.9552,,,,,
2.4688,cmd,,,,,,0.29580,0.14080,,,
2.4689,status,,,,,,,,TRACKING,,
2.4692,target,1791287260221786624,-0.19247,-0.16960,0.010189,224.9535,,,,,
2.5053,target,1791287260255144960,-0.18677,-0.16600,0.010332,224.9562,,,,,
2.5190,cmd,,,,,,0.28016,0.13280,,,
2.5201,status,,,,,,,,TRACKING,,
2.5293,joint,,,,,,,,,0.13346,0.32214
2.5365,target,1791287260288503296,-0.18134,-0.16836,0.010454,224.9541,,,,,
2.5682,cmd,,,,,,0.27201,0.13469,,,
2.5684,status,,,,,,,,TRACKING,,
2.5727,target,1791287260321861632,-0.17790,-0.17371,0.010345,224.9568,,,,,
2.6077,target,1791287260355219968,-0.17254,-0.18025,0.010252,224.9585,,,,,
2.6188,cmd,,,,,,0.25880,0.14420,,,
2.6214,status,,,,,,,,TRACKING,,
2.6369,target,1791287260388578048,-0.16807,-0.19090,0.010243,224.9544,,,,,
2.6683,cmd,,,,,,0.25211,0.15272,,,
2.6686,status,,,,,,,,TRACKING,,
2.6697,target,1791287260421936640,-0.16072,-0.19427,0.010254,224.9538,,,,,
2.7067,target,1791287260455294976,-0.15376,-0.19464,0.010451,224.9574,,,,,
2.7188,cmd,,,,,,0.23064,0.15571,,,
2.7197,status,,,,,,,,TRACKING,,
2.7385,target,1791287260488653056,-0.14599,-0.18808,0.010443,224.9559,,,,,
2.7682,cmd,,,,,,0.21898,0.15046,,,
2.7683,status,,,,,,,,TRACKING,,
2.7686,target,1791287260522011392,-0.13550,-0.18030,0.010373,224.9527,,,,,
2.8063,target,1791287260555369984,-0.12665,-0.17155,0.010421,224.9570,,,,,
2.8216,cmd,,,,,,0.18998,0.13724,,,
2.8217,status,,,,,,,,TRACKING,,
2.8378,target,1791287260588728320,-0.11778,-0.16178,0.010447,224.9551,,,,,
2.8697,cmd,,,,,,0.17667,0.12943,,,
2.8698,status,,,,,,,,TRACKING,,
2.8711,target,1791287260622086400,-0.10812,-0.15307,0.010371,224.9551,,,,,
2.9055,target,1791287260655444736,-0.10053,-0.14472,0.010412,224.9561,,,,,
2.9201,cmd,,,,,,0.15080,0.11578,,,
2.9202,status,,,,,,,,TRACKING,,
2.9364,target,1791287260688803328,-0.09218,-0.13321,0.010458,224.9536,,,,,
2.9683,cmd,,,,,,0.13827,0.10657,,,
2.9684,status,,,,,,,,TRACKING,,
2.9707,target,1791287260722161664,-0.08167,-0.12962,0.010434,224.9546,,,,,
3.0041,target,1791287260755519744,-0.07235,-0.12298,0.010493,224.9546,,,,,
3.0212,cmd,,,,,,0.10853,0.09838,,,
3.0213,status,,,,,,,,TRACKING,,
3.0382,target,1791287260788878080,-0.06323,-0.12146,0.010512,224.9553,,,,,
3.0500,joint,,,,,,,,,0.24390,0.40190
3.0693,cmd,,,,,,0.09485,0.09717,,,
3.0694,status,,,,,,,,TRACKING,,
3.0730,target,1791287260822236672,-0.05296,-0.11805,0.010508,224.9568,,,,,
3.1065,target,1791287260855595008,-0.04320,-0.11075,0.010584,224.9569,,,,,
3.1197,cmd,,,,,,0.00000,0.08860,,,
3.1200,status,,,,,,,,TRACKING,,
3.1374,target,1791287260888953344,-0.03419,-0.10445,0.010621,224.9545,,,,,
3.1697,cmd,,,,,,0.00000,0.08356,,,
3.1698,status,,,,,,,,TRACKING,,
3.1728,target,1791287260922311680,-0.02530,-0.09305,0.010749,224.9565,,,,,
3.2047,target,1791287260955670272,-0.01876,-0.08070,0.010764,224.9551,,,,,
3.2197,cmd,,,,,,0.00000,0.06456,,,
3.2201,status,,,,,,,,TRACKING,,
3.2371,target,1791287260989028608,-0.01491,-0.06814,0.010768,224.9541,,,,,
3.2687,target,1791287261022386944,-0.01775,-0.04926,0.010658,224.9524,,,,,
3.2689,cmd,,,,,,0.00000,0.05451,,,
3.2689,status,,,,,,,,TRACKING,,
3.3056,target,1791287261055745024,-0.02622,-0.02496,0.010573,224.9559,,,,,
3.3206,cmd,,,,,,0.00000,0.00000,,,
3.3207,status,,,,,,,,CENTERED,,
3.3372,target,1791287261089103616,-0.03866,-0.00556,0.010503,224.9541,,,,,
3.3680,cmd,,,,,,0.00000,0.00000,,,
3.3688,status,,,,,,,,CENTERED,,
3.3720,target,1791287261122461696,-0.05835,0.01468,0.010315,224.9555,,,,,
3.4067,target,1791287261155819776,-0.07994,0.02967,0.010245,224.9569,,,,,
3.4191,cmd,,,,,,0.11990,0.00000,,,
3.4206,status,,,,,,,,TRACKING,,
3.4378,target,1791287261189177856,-0.10130,0.03842,0.010100,224.9547,,,,,
3.4679,cmd,,,,,,0.15196,0.00000,,,
3.4682,status,,,,,,,,TRACKING,,
3.4724,target,1791287261222536192,-0.12378,0.04100,0.009885,224.9559,,,,,
3.5059,target,1791287261255894272,-0.14316,0.03466,0.009763,224.9561,,,,,
3.5193,cmd,,,,,,0.21474,0.00000,,,
3.5225,status,,,,,,,,TRACKING,,
3.5382,target,1791287261289252608,-0.15809,0.01755,0.009418,224.9550,,,,,
3.5697,cmd,,,,,,0.23713,0.00000,,,
3.5698,status,,,,,,,,TRACKING,,
3.5699,joint,,,,,,,,,0.27919,0.44332
3.5708,target,1791287261322610944,-0.17225,0.00115,0.009366,224.9542,,,,,
3.6051,target,1791287261355969024,-0.18475,-0.01517,0.009095,224.9552,,,,,
3.6198,cmd,,,,,,0.27713,0.00000,,,
3.6199,status,,,,,,,,TRACKING,,
3.6380,target,1791287261389327104,-0.19809,-0.02319,0.008961,224.9547,,,,,
3.6679,cmd,,,,,,0.29714,0.00000,,,
3.6680,status,,,,,,,,TRACKING,,
3.6713,target,1791287261422685184,-0.20925,-0.03505,0.008767,224.9547,,,,,
3.7058,target,1791287261456043776,-0.22030,-0.04064,0.008635,224.9558,,,,,
3.7223,cmd,,,,,,0.33045,0.00000,,,
3.7224,status,,,,,,,,TRACKING,,
3.7381,target,1791287261489401856,-0.23254,-0.04852,0.008531,224.9547,,,,,
3.7679,cmd,,,,,,0.34880,0.00000,,,
3.7680,status,,,,,,,,TRACKING,,
3.7709,target,1791287261522759936,-0.24361,-0.04998,0.008509,224.9542,,,,,
3.8057,target,1791287261556118272,-0.25429,-0.05476,0.008535,224.9556,,,,,
3.8216,cmd,,,,,,0.38143,0.04381,,,
3.8217,status,,,,,,,,TRACKING,,
3.8378,target,1791287261589476608,-0.26415,-0.05272,0.008470,224.9544,,,,,
3.8681,cmd,,,,,,0.39622,0.04217,,,
3.8685,status,,,,,,,,TRACKING,,
3.8729,target,1791287261622834688,-0.27518,-0.06022,0.008381,224.9561,,,,,
3.9068,target,1791287261656192768,-0.28306,-0.06321,0.008012,224.9567,,,,,
3.9187,cmd,,,,,,0.42459,0.05057,,,
3.9217,status,,,,,,,,TRACKING,,
3.9387,target,1791287261689551360,-0.29155,-0.06191,0.007962,224.9551,,,,,
3.9681,cmd,,,,,,0.43732,0.04953,,,
3.9682,status,,,,,,,,TRACKING,,
3.9717,target,1791287261722909440,-0.29804,-0.06114,0.007971,224.9548,,,,,
4.0062,target,1791287261756267520,-0.30269,-0.05841,0.007984,224.9560,,,,,
4.0193,cmd,,,,,,0.45404,0.04673,,,
4.0207,status,,,,,,,,TRACKING,,
4.0379,target,1791287261789625856,-0.30784,-0.05851,0.008071,224.9543,,,,,
4.0697,cmd,,,,,,0.46177,0.04681,,,
4.0698,status,,,,,,,,TRACKING,,
4.0706,target,1791287261822984192,-0.31054,-0.06700,0.007977,224.9537,,,,,
4.0895,joint,,,,,,,,,0.35588,0.44332
4.1062,target,1791287261856342272,-0.31210,-0.08032,0.007999,224.9559,,,,,
4.1198,cmd,,,,,,0.46815,0.06426,,,
4.1200,status,,,,,,,,TRACKING,,
4.1364,target,1791287261889700608,-0.31031,-0.09341,0.007806,224.9527,,,,,
4.1697,cmd,,,,,,0.46547,0.07473,,,
4.1698,status,,,,,,,,TRACKING,,
4.1709,target,1791287261923058944,-0.30307,-0.10843,0.007559,224.9538,,,,,
4.2040,target,1791287261956417024,-0.29078,-0.11724,0.007153,224.9537,,,,,
4.2190,cmd,,,,,,0.43617,0.09379,,,
4.2219,status,,,,,,,,TRACKING,,
4.2380,target,1791287261989775360,-0.27332,-0.10429,0.006719,224.9543,,,,,
4.2679,cmd,,,,,,0.40998,0.08343,,,
4.2682,status,,,,,,,,TRACKING,,
4.2694,target,1791287262023133440,-0.25407,-0.09157,0.006220,224.9523,,,,,
4.3050,target,1791287262056492032,-0.23359,-0.05305,0.005792,224.9546,,,,,
4.3190,cmd,,,,,,0.35038,0.04244,,,
4.3192,status,,,,,,,,TRACKING,,
4.3381,target,1791287262089850368,-0.21132,-0.03029,0.005263,224.9543,,,,,
4.3681,cmd,,,,,,0.31699,0.00000,,,
4.3682,status,,,,,,,,TRACKING,,
4.3691,target,1791287262123208704,-0.18899,0.00204,0.004987,224.9520,,,,,
4.4068,target,1791287262156567040,-0.16733,0.03590,0.004590,224.9563,,,,,
4.4195,cmd,,,,,,0.25099,0.00000,,,
4.4218,status,,,,,,,,TRACKING,,
4.4380,target,1791287262189925632,-0.14224,0.07045,0.004490,224.9541,,,,,
4.4697,cmd,,,,,,0.21336,-0.05636,,,
4.4698,status,,,,,,,,TRACKING,,
4.4709,target,1791287262223283968,-0.11393,0.09856,0.004282,224.9537,,,,,
4.5056,target,1791287262256642304,-0.08443,0.12333,0.004119,224.9550,,,,,
4.5190,cmd,,,,,,0.12664,-0.09866,,,
4.5216,status,,,,,,,,TRACKING,,
4.5379,target,1791287262290000896,-0.05178,0.14721,0.003882,224.9539,,,,,
4.5696,cmd,,,,,,0.07767,-0.11776,,,
4.5697,status,,,,,,,,TRACKING,,
4.5699,target,1791287262323359488,-0.01695,0.16008,0.003787,224.9526,,,,,
4.5891,joint,,,,,,,,,0.53996,0.45713
4.6053,target,1791287262356717824,0.01714,0.17298,0.003724,224.9546,,,,,
4.6193,cmd,,,,,,0.00000,-0.13839,,,
4.6226,status,,,,,,,,TRACKING,,
4.6400,target,1791287262390076160,0.04863,0.18151,0.003639,224.9560,,,,,
4.6682,cmd,,,,,,0.00000,-0.14521,,,
4.6683,status,,,,,,,,TRACKING,,
4.6728,target,1791287262423434752,0.07631,0.18959,0.003613,224.9554,,,,,
4.7068,target,1791287262456793088,0.09963,0.18385,0.003611,224.9561,,,,,
4.7196,cmd,,,,,,-0.14945,-0.14708,,,
4.7216,status,,,,,,,,TRACKING,,
4.7385,target,1791287262490151680,0.10481,0.18749,0.003898,224.9544,,,,,
4.7683,cmd,,,,,,-0.15722,-0.14999,,,
4.7684,status,,,,,,,,TRACKING,,
4.7717,target,1791287262523510016,0.10937,0.19193,0.003785,224.9542,,,,,
4.8065,target,1791287262556868608,0.11351,0.19695,0.003683,224.9557,,,,,
4.8192,cmd,,,,,,-0.17026,-0.15756,,,
4.8224,status,,,,,,,,TRACKING,,
4.8381,target,1791287262590226944,0.11073,0.20338,0.003492,224.9539,,,,,
4.8697,cmd,,,,,,-0.16609,-0.16271,,,
4.8698,status,,,,,,,,TRACKING,,
4.8719,target,1791287262623585536,0.10788,0.20568,0.003240,224.9544,,,,,
4.9085,target,1791287262656944128,0.10235,0.21155,0.003003,224.9576,,,,,
4.9188,cmd,,,,,,-0.15353,-0.16924,,,
4.9212,status,,,,,,,,TRACKING,,
4.9379,target,1791287262690302464,0.09056,0.22040,0.002684,224.9537,,,,,
4.9697,cmd,,,,,,-0.13584,-0.17632,,,
4.9698,status,,,,,,,,TRACKING,,
4.9700,target,1791287262723661056,0.07445,0.22239,0.002619,224.9524,,,,,
5.0074,target,1791287262757019648,0.05816,0.21793,0.002424,224.9564,,,,,
5.0188,cmd,,,,,,-0.08723,-0.17434,,,
5.0198,status,,,,,,,,TRACKING,,
5.0383,target,1791287262790377984,0.04421,0.21232,0.002413,224.9540,,,,,
5.0684,cmd,,,,,,0.00000,-0.16986,,,
5.0687,status,,,,,,,,TRACKING,,
5.0707,target,1791287262823736576,0.03415,0.19804,0.002381,224.9530,,,,,
5.1076,target,1791287262857094912,0.02905,0.19106,0.002391,224.9566,,,,,
5.1084,joint,,,,,,,,,0.56911,0.41111
5.1185,cmd,,,,,,0.00000,-0.15285,,,
5.1196,status,,,,,,,,TRACKING,,
5.1402,target,1791287262890453504,0.02839,0.18213,0.002305,224.9558,,,,,
5.1697,cmd,,,,,,0.00000,-0.14571,,,
5.1698,status,,,,,,,,TRACKING,,
5.1718,target,1791287262923812096,0.02867,0.18053,0.002311,224.9540,,,,,
5.2078,target,1791287262957170688,0.03045,0.18319,0.002224,224.9567,,,,,
5.2187,cmd,,,,,,0.00000,-0.14655,,,
5.2189,status,,,,,,,,TRACKING,,
5.2399,target,1791287262990529024,0.03716,0.18661,0.002283,224.9554,,,,,
5.2696,cmd,,,,,,0.00000,-0.14929,,,
5.2697,status,,,,,,,,TRACKING,,
5.2724,target,1791287263023887616,0.04449,0.18677,0.002211,224.9545,,,,,
5.3060,target,1791287263057246208,0.05649,0.19175,0.002235,224.9548,,,,,
5.3188,cmd,,,,,,-0.08473,-0.15340,,,
5.3195,status,,,,,,,,TRACKING,,
5.3410,target,1791287263090603264,0.06916,0.19396,0.002181,224.9565,,,,,
5.3696,cmd,,,,,,-0.10374,-0.15517,,,
5.3697,status,,,,,,,,TRACKING,,
5.3722,target,1791287263123960576,0.08582,0.19407,0.002038,224.9542,,,,,
5.4065,target,1791287263157317376,0.10507,0.19074,0.001992,224.9552,,,,,
5.4188,cmd,,,,,,-0.15761,-0.15259,,,
5.4191,status,,,,,,,,TRACKING,,
5.4410,target,1791287263190674688,0.12499,0.18713,0.001947,224.9563,,,,,
5.4680,cmd,,,,,,-0.18748,-0.14970,,,
5.4686,status,,,,,,,,TRACKING,,
5.4727,target,1791287263224031744,0.14453,0.18160,0.001951,224.9548,,,,,
5.5082,target,1791287263257388800,0.16577,0.16816,0.001888,224.9569,,,,,
5.5186,cmd,,,,,,-0.24865,-0.13453,,,
5.5188,status,,,,,,,,TRACKING,,
5.5414,target,1791287263290745856,0.18693,0.15576,0.001858,224.9567,,,,,
5.5696,cmd,,,,,,-0.28040,-0.12461,,,
5.5697,status,,,,,,,,TRACKING,,
5.5720,target,1791287263324102912,0.20943,0.14068,0.001834,224.9539,,,,,
5.6082,target,1791287263357460224,0.23161,0.12408,0.001999,224.9567,,,,,
5.6187,cmd,,,,,,-0.34741,-0.09926,,,
5.6190,status,,,,,,,,TRACKING,,
5.6284,joint,,,,,,,,,0.55990,0.32674
5.6414,target,1791287263390817024,0.25346,0.10188,0.002205,224.9566,,,,,
5.6680,cmd,,,,,,-0.38019,-0.08150,,,
5.6683,status,,,,,,,,TRACKING,,
5.6724,target,1791287263424174336,0.27454,0.09050,0.002537,224.9543,,,,,
5.7080,target,1791287263457531392,0.29301,0.07624,0.002491,224.9565,,,,,
5.7198,cmd,,,,,,-0.43952,-0.06099,,,
5.7199,status,,,,,,,,TRACKING,,
5.7388,target,1791287263490888448,0.31279,0.06178,0.002554,224.9540,,,,,
5.7695,cmd,,,,,,-0.46918,-0.04942,,,
5.7696,status,,,,,,,,TRACKING,,
5.7716,target,1791287263524245504,0.33304,0.04712,0.002541,224.9534,,,,,
5.8060,target,1791287263557602816,0.35123,0.03223,0.002682,224.9544,,,,,
5.8192,cmd,,,,,,-0.52684,0.00000,,,
5.8199,status,,,,,,,,TRACKING,,
5.8402,target,1791287263590959616,0.36632,0.01806,0.002888,224.9553,,,,,
5.8697,cmd,,,,,,-0.54947,0.00000,,,
5.8699,status,,,,,,,,TRACKING,,
5.8723,target,1791287263624316928,0.38044,0.00786,0.003073,224.9540,,,,,
5.9065,target,1791287263657673728,0.39124,-0.00408,0.003342,224.9549,,,,,
5.9192,cmd,,,,,,-0.58686,0.00000,,,
5.9195,status,,,,,,,,TRACKING,,
5.9413,target,1791287263691031040,0.40170,-0.01410,0.003518,224.9563,,,,,
5.9679,cmd,,,,,,-0.60000,0.00000,,,
5.9680,status,,,,,,,,TRACKING,,
5.9713,target,1791287263724388096,0.41027,-0.01588,0.003687,224.9529,,,,,
6.0065,target,1791287263757745152,0.41620,-0.01355,0.003856,224.9548,,,,,
6.0190,cmd,,,,,,-0.60000,0.00000,,,
6.0193,status,,,,,,,,TRACKING,,
6.0411,target,1791287263791102208,0.42061,-0.01272,0.003969,224.9560,,,,,
6.0680,cmd,,,,,,-0.60000,0.00000,,,
6.0681,status,,,,,,,,TRACKING,,
6.0710,target,1791287263824459264,0.42312,-0.01073,0.004141,224.9526,,,,,
6.1077,target,1791287263857816320,0.42538,-0.00927,0.004217,224.9559,,,,,
6.1188,cmd,,,,,,-0.60000,0.00000,,,
6.1196,status,,,,,,,,TRACKING,,
6.1283,joint,,,,,,,,,0.44025,0.29299
6.1410,target,1791287263891173376,0.42639,-0.00829,0.004347,224.9559,,,,,
6.1702,cmd,,,,,,-0.60000,0.00000,,,
6.1705,status,,,,,,,,TRACKING,,
6.1737,target,1791287263924530432,0.42778,-0.00739,0.004442,224.9552,,,,,
6.2069,target,1791287263957887488,0.43090,-0.00567,0.004462,224.9551,,,,,
6.2192,cmd,,,,,,-0.60000,0.00000,,,
6.2214,status,,,,,,,,TRACKING,,
6.2401,target,1791287263991244544,0.43331,-0.00904,0.004512,224.9549,,,,,
6.2698,cmd,,,,,,-0.60000,0.00000,,,
6.2699,status,,,,,,,,TRACKING,,
6.2720,target,1791287264024601600,0.43228,-0.01025,0.004596,224.9535,,,,,
6.3067,target,1791287264057958656,0.43033,-0.01403,0.004499,224.9548,,,,,
6.3187,cmd,,,,,,-0.60000,0.00000,,,
6.3189,status,,,,,,,,TRACKING,,
6.3416,target,1791287264091317504,0.42407,-0.01454,0.004499,224.9563,,,,,
6.3678,cmd,,,,,,-0.60000,0.00000,,,
6.3698,status,,,,,,,,TRACKING,,
6.3743,target,1791287264124676096,0.41796,-0.01708,0.004479,224.9557,,,,,
6.4093,target,1791287264158034432,0.40869,-0.01965,0.004457,224.9574,,,,,
6.4185,cmd,,,,,,-0.60000,0.00000,,,
6.4188,status,,,,,,,,TRACKING,,
6.4410,target,1791287264191393024,0.40109,-0.02537,0.004360,224.9557,,,,,
6.4692,cmd,,,,,,-0.60000,0.00000,,,
6.4693,status,,,,,,,,TRACKING,,
6.4750,target,1791287264224751616,0.39148,-0.02805,0.004249,224.9563,,,,,
6.5084,target,1791287264258110464,0.38211,-0.03293,0.004193,224.9563,,,,,
6.5186,cmd,,,,,,-0.57317,0.00000,,,
6.5199,status,,,,,,,,TRACKING,,
6.5402,target,1791287264291469056,0.37202,-0.03691,0.004093,224.9548,,,,,
6.5683,cmd,,,,,,-0.55804,0.00000,,,
6.5692,status,,,,,,,,TRACKING,,
6.5731,target,1791287264324827648,0.36184,-0.03972,0.004169,224.9543,,,,,
6.6069,target,1791287264358186240,0.34970,-0.04165,0.003987,224.9548,,,,,
6.6189,cmd,,,,,,-0.52454,0.00000,,,
6.6193,status,,,,,,,,TRACKING,,
6.6422,target,1791287264391544832,0.34115,-0.04469,0.003958,224.9567,,,,,
6.6489,joint,,,,,,,,,0.15340,0.29606
6.6682,cmd,,,,,,-0.51172,0.00000,,,
6.6683,status,,,,,,,,TRACKING,,
6.6729,target,1791287264424903680,0.33143,-0.04341,0.003694,224.9541,,,,,
6.7100,target,1791287264458262272,0.31691,-0.04270,0.003203,224.9578,,,,,
6.7196,cmd,,,,,,-0.47536,0.00000,,,
6.7198,status,,,,,,,,TRACKING,,
6.7405,target,1791287264491620864,0.30140,-0.04169,0.002661,224.9549,,,,,
6.7682,cmd,,,,,,-0.45209,0.00000,,,
6.7703,status,,,,,,,,TRACKING,,
6.7737,target,1791287264524979456,0.29013,-0.04160,0.002524,224.9547,,,,,
6.8090,target,1791287264558338048,0.28102,-0.04302,0.002467,224.9567,,,,,
6.8187,cmd,,,,,,-0.42154,0.00000,,,
6.8207,status,,,,,,,,TRACKING,,
6.8397,target,1791287264591696896,0.27156,-0.04500,0.002333,224.9540,,,,,
6.8683,cmd,,,,,,-0.40733,0.00000,,,
6.8686,status,,,,,,,,TRACKING,,
6.8732,target,1791287264625055488,0.26107,-0.04466,0.002259,224.9542,,,,,
6.9069,target,1791287264658414080,0.25268,-0.04500,0.002133,224.9545,,,,,
6.9189,cmd,,,,,,-0.37901,0.00000,,,
6.9204,status,,,,,,,,TRACKING,,
6.9419,target,1791287264691772672,0.24248,-0.04557,0.002049,224.9561,,,,,
6.9678,cmd,,,,,,-0.36372,0.00000,,,
6.9679,status,,,,,,,,TRACKING,,
6.9712,target,1791287264725131264,0.23017,-0.04808,0.002001,224.9521,,,,,
7.0084,target,1791287264758490112,0.21404,-0.04842,0.001890,224.9559,,,,,
7.0191,cmd,,,,,,-0.32107,0.00000,,,
7.0221,status,,,,,,,,TRACKING,,
7.0396,target,1791287264791848960,0.19600,-0.04965,0.001849,224.9538,,,,,
7.0681,cmd,,,,,,-0.29400,0.00000,,,
7.0682,status,,,,,,,,TRACKING,,
7.0723,target,1791287264825207552,0.17473,-0.05343,0.001780,224.9532,,,,,
7.1088,target,1791287264858566144,0.14999,-0.05602,0.001727,224.9563,,,,,
7.1188,cmd,,,,,,-0.22499,0.04482,,,
7.1197,status,,,,,,,,TRACKING,,
7.1397,target,1791287264891924736,0.12353,-0.05655,0.001777,224.9539,,,,,
7.1501,joint,,,,,,,,,-0.11045,0.29606
7.1682,cmd,,,,,,-0.18529,0.04524,,,
7.1683,status,,,,,,,,TRACKING,,
7.1737,target,1791287264925283328,0.09495,-0.05804,0.001747,224.9545,,,,,
7.2066,target,1791287264958642432,0.06453,-0.05724,0.001786,224.9540,,,,,
7.2186,cmd,,,,,,-0.09680,0.04579,,,
7.2190,status,,,,,,,,TRACKING,,
7.2438,target,1791287264992001024,0.03332,-0.05579,0.001799,224.9578,,,,,
7.2681,cmd,,,,,,0.00000,0.04463,,,
7.2682,status,,,,,,,,TRACKING,,
7.2731,target,1791287265025359616,0.00029,-0.05242,0.001912,224.9538,,,,,
7.3096,target,1791287265058718208,-0.03295,-0.04934,0.002064,224.9569,,,,,
7.3186,cmd,,,,,,0.00000,0.00000,,,
7.3194,status,,,,,,,,CENTERED,,
7.3413,target,1791287265092076288,-0.06702,-0.04061,0.002192,224.9553,,,,,
7.3717,cmd,,,,,,0.10052,0.00000,,,
7.3718,status,,,,,,,,TRACKING,,
7.3746,target,1791287265125434112,-0.10044,-0.03269,0.002270,224.9552,,,,,
7.4099,target,1791287265158791680,-0.13602,-0.02754,0.002502,224.9572,,,,,
7.4186,cmd,,,,,,0.20403,0.00000,,,
7.4197,status,,,,,,,,TRACKING,,
7.4398,target,1791287265192149760,-0.16996,-0.01543,0.002491,224.9537,,,,,
7.4697,cmd,,,,,,0.25494,0.00000,,,
7.4698,status,,,,,,,,TRACKING,,
7.4748,target,1791287265225507584,-0.20428,-0.01706,0.002593,224.9553,,,,,
7.5079,target,1791287265258865152,-0.23860,-0.00797,0.002791,224.9551,,,,,
7.5184,cmd,,,,,,0.35790,0.00000,,,
7.5187,status,,,,,,,,TRACKING,,
7.5420,target,1791287265292223232,-0.27171,-0.00850,0.003151,224.9558,,,,,
7.5686,cmd,,,,,,0.40757,0.00000,,,
7.5706,status,,,,,,,,TRACKING,,
7.5740,target,1791287265325581056,-0.30631,-0.00827,0.003322,224.9545,,,,,
7.6096,target,1791287265358938880,-0.33892,-0.00681,0.003887,224.9567,,,,,
7.6187,cmd,,,,,,0.50839,0.00000,,,
7.6188,status,,,,,,,,TRACKING,,
7.6420,target,1791287265392296704,-0.37036,-0.00723,0.004219,224.9557,,,,,
7.6491,joint,,,,,,,,,-0.23163,0.29913
7.6687,cmd,,,,,,0.55555,0.00000,,,
7.6695,status,,,,,,,,TRACKING,,
7.6718,target,1791287265425654528,-0.40452,-0.00383,0.004590,224.9522,,,,,
7.7092,target,1791287265459012352,-0.43992,-0.00358,0.004889,224.9562,,,,,
7.7194,cmd,,,,,,0.60000,0.00000,,,
7.7203,status,,,,,,,,TRACKING,,
7.7390,target,1791287265492370176,-0.47303,0.00183,0.005330,224.9526,,,,,
7.7678,cmd,,,,,,0.60000,0.00000,,,
7.7687,status,,,,,,,,TRACKING,,
7.7733,target,1791287265525728000,-0.50313,0.00024,0.005564,224.9536,,,,,
7.8076,target,1791287265559085824,-0.53134,0.00445,0.005796,224.9545,,,,,
7.8190,cmd,,,,,,0.60000,0.00000,,,
7.8200,status,,,,,,,,TRACKING,,
7.8411,target,1791287265592443904,-0.55707,0.00418,0.006100,224.9547,,,,,
7.8686,cmd,,,,,,0.60000,0.00000,,,
7.8688,status,,,,,,,,TRACKING,,
7.8740,target,1791287265625801472,-0.57935,0.00794,0.006213,224.9542,,,,,
7.9115,target,1791287265659159296,-0.59687,0.00865,0.006291,224.9584,,,,,
7.9187,cmd,,,,,,0.60000,0.00000,,,
7.9198,status,,,,,,,,TRACKING,,
7.9419,target,1791287265692517376,-0.61121,0.01055,0.006237,224.9554,,,,,
7.9700,cmd,,,,,,0.60000,0.00000,,,
7.9702,status,,,,,,,,TRACKING,,
7.9761,target,1791287265725875200,-0.62318,0.01497,0.005836,224.9563,,,,,
8.0103,target,1791287265759233024,-0.63225,0.01478,0.005588,224.9571,,,,,
8.0186,cmd,,,,,,0.60000,0.00000,,,
8.0199,status,,,,,,,,TRACKING,,
8.0420,target,1791287265792590848,-0.63985,0.01366,0.005395,224.9554,,,,,
8.0696,cmd,,,,,,0.60000,0.00000,,,
8.0697,status,,,,,,,,TRACKING,,
8.0758,target,1791287265825948672,-0.64166,0.00862,0.004954,224.9559,,,,,
8.1097,target,1791287265859306752,-0.64555,0.00368,0.004991,224.9564,,,,,
8.1187,cmd,,,,,,0.60000,0.00000,,,
8.1197,status,,,,,,,,TRACKING,,
8.1418,target,1791287265892664320,-0.64801,0.00268,0.005187,224.9551,,,,,
8.1683,cmd,,,,,,0.60000,0.00000,,,
8.1684,status,,,,,,,,TRACKING,,
8.1686,joint,,,,,,,,,-0.05983,0.29913
8.1767,target,1791287265926022144,-0.64790,0.00161,0.005219,224.9567,,,,,
8.2101,target,1791287265959380224,-0.64652,-0.00303,0.004944,224.9567,,,,,
8.2184,cmd,,,,,,0.60000,0.00000,,,
8.2188,status,,,,,,,,TRACKING,,
8.2424,target,1791287265992738048,-0.64473,0.00097,0.004796,224.9557,,,,,
8.2697,cmd,,,,,,0.60000,0.00000,,,
8.2704,status,,,,,,,,TRACKING,,
8.2759,target,1791287266026095616,-0.64100,0.00678,0.004733,224.9558,,,,,
8.3090,target,1791287266059453696,-0.63928,0.02012,0.004036,224.9556,,,,,
8.3191,cmd,,,,,,0.60000,0.00000,,,
8.3209,status,,,,,,,,TRACKING,,
8.3440,target,1791287266092811008,-0.63909,0.02674,0.003874,224.9572,,,,,
8.3680,cmd,,,,,,0.60000,0.00000,,,
8.3681,status,,,,,,,,TRACKING,,
8.3723,target,1791287266126168576,-0.63876,0.03203,0.003678,224.9521,,,,,
8.4095,target,1791287266159526144,-0.63890,0.04020,0.003403,224.9560,,,,,
8.4213,cmd,,,,,,0.60000,0.00000,,,
8.4214,status,,,,,,,,TRACKING,,
8.4409,target,1791287266192883456,-0.63352,0.04310,0.003034,224.9541,,,,,
8.4688,cmd,,,,,,0.60000,0.00000,,,
8.4690,status,,,,,,,,TRACKING,,
8.4750,target,1791287266226241024,-0.62588,0.04365,0.002893,224.9548,,,,,
8.5105,target,1791287266259598336,-0.61893,0.05105,0.002639,224.9570,,,,,
8.5197,cmd,,,,,,0.60000,-0.04084,,,
8.5198,status,,,,,,,,TRACKING,,
8.5424,target,1791287266292955904,-0.60740,0.03811,0.002661,224.9555,,,,,
8.5689,cmd,,,,,,0.60000,0.00000,,,
8.5690,status,,,,,,,,TRACKING,,
8.5735,target,1791287266326313216,-0.59698,0.03198,0.002561,224.9532,,,,,
8.6096,target,1791287266359670528,-0.58250,0.02730,0.002361,224.9560,,,,,
8.6183,cmd,,,,,,0.60000,0.00000,,,
8.6196,status,,,,,,,,TRACKING,,
8.6417,target,1791287266393028096,-0.56671,0.02217,0.002088,224.9547,,,,,
8.6684,cmd,,,,,,0.60000,0.00000,,,
8.6686,status,,,,,,,,TRACKING,,
8.6705,joint,,,,,,,,,0.23777,0.29913
8.6739,target,1791287266426385664,-0.54614,0.01458,0.001723,224.9536,,,,,
8.7092,target,1791287266459743232,-0.52249,0.00577,0.001365,224.9555,,,,,
8.7184,cmd,,,,,,0.60000,0.00000,,,
8.7217,status,,,,,,,,TRACKING,,
8.7420,target,1791287266493100544,-0.49521,-0.02367,0.001417,224.9550,,,,,
8.7708,cmd,,,,,,0.60000,0.00000,,,
8.7709,status,,,,,,,,TRACKING,,
8.7743,target,1791287266526458112,-0.46662,-0.05122,0.001471,224.9538,,,,,
8.8084,target,1791287266559815424,-0.43940,-0.07422,0.001671,224.9546,,,,,
8.8190,cmd,,,,,,0.60000,0.05938,,,
8.8193,status,,,,,,,,TRACKING,,
8.8435,target,1791287266593172736,-0.41162,-0.10889,0.001897,224.9564,,,,,
8.8689,cmd,,,,,,0.60000,0.08711,,,
8.8691,status,,,,,,,,TRACKING,,
8.8739,target,1791287266626530304,-0.38401,-0.13796,0.002324,224.9534,,,,,
8.9097,target,1791287266659887616,-0.35611,-0.17035,0.002485,224.9559,,,,,
8.9190,cmd,,,,,,0.53417,0.13628,,,
8.9207,status,,,,,,,,TRACKING,,
8.9417,target,1791287266693245184,-0.32802,-0.20176,0.002517,224.9545,,,,,
8.9682,cmd,,,,,,0.49204,0.16141,,,
8.9683,status,,,,,,,,TRACKING,,
8.9758,target,1791287266726602496,-0.29943,-0.23294,0.002674,224.9553,,,,,
9.0117,target,1791287266759960064,-0.26954,-0.26621,0.002711,224.9578,,,,,
9.0193,cmd,,,,,,0.40432,0.21296,,,
9.0216,status,,,,,,,,TRACKING,,
9.0403,target,1791287266793317376,-0.23842,-0.29823,0.002793,224.9530,,,,,
9.0689,cmd,,,,,,0.35763,0.23858,,,
9.0690,status,,,,,,,,TRACKING,,
9.0763,target,1791287266826674688,-0.20776,-0.32669,0.002839,224.9557,,,,,
9.1114,target,1791287266860032256,-0.17680,-0.34919,0.002823,224.9574,,,,,
9.1183,cmd,,,,,,0.26519,0.27935,,,
9.1194,status,,,,,,,,TRACKING,,
9.1416,target,1791287266893389568,-0.14725,-0.37285,0.002908,224.9542,,,,,
9.1686,cmd,,,,,,0.22087,0.29828,,,
9.1687,status,,,,,,,,TRACKING,,
9.1725,target,1791287266926747136,-0.11831,-0.39706,0.002923,224.9518,,,,,
9.1902,joint,,,,,,,,,0.54303,0.30986
9.2101,target,1791287266960104448,-0.09196,-0.42097,0.003008,224.9560,,,,,
9.2183,cmd,,,,,,0.13794,0.33677,,,
9.2197,status,,,,,,,,TRACKING,,
9.2422,target,1791287266993462016,-0.06482,-0.44746,0.003116,224.9548,,,,,
9.2703,cmd,,,,,,0.09723,0.35797,,,
9.2704,status,,,,,,,,TRACKING,,
9.2739,target,1791287267026819328,-0.03835,-0.47196,0.003162,224.9531,,,,,
9.3100,target,1791287267060176640,-0.01292,-0.49592,0.003273,224.9559,,,,,
9.3183,cmd,,,,,,0.00000,0.39673,,,
9.3190,status,,,,,,,,TRACKING,,
9.3435,target,1791287267093533440,0.01095,-0.51594,0.003255,224.9560,,,,,
9.3689,cmd,,,,,,0.00000,0.40000,,,
9.3690,status,,,,,,,,TRACKING,,
9.3748,target,1791287267126889984,0.03331,-0.53566,0.003290,224.9540,,,,,
9.4103,target,1791287267160246528,0.05374,-0.55258,0.003253,224.9561,,,,,
9.4181,cmd,,,,,,-0.08062,0.40000,,,
9.4183,status,,,,,,,,TRACKING,,
9.4419,target,1791287267193603072,0.07327,-0.56721,0.003090,224.9544,,,,,
9.4708,cmd,,,,,,-0.10991,0.40000,,,
9.4709,status,,,,,,,,TRACKING,,
9.4756,target,1791287267226959616,0.08905,-0.57470,0.002708,224.9547,,,,,
9.5105,target,1791287267260316160,0.10509,-0.58412,0.002446,224.9562,,,,,
9.5184,cmd,,,,,,-0.15764,0.40000,,,
9.5193,status,,,,,,,,TRACKING,,
9.5435,target,1791287267293672960,0.12040,-0.59432,0.002114,224.9559,,,,,
9.5697,cmd,,,,,,-0.18060,0.40000,,,
9.5698,status,,,,,,,,TRACKING,,
9.5741,target,1791287267327029248,0.13102,-0.59441,0.001580,224.9531,,,,,
9.6098,target,1791287267360386048,0.14330,-0.60074,0.001369,224.9554,,,,,
9.6185,cmd,,,,,,-0.21495,0.40000,,,
9.6188,status,,,,,,,,TRACKING,,
9.6425,target,1791287267393742336,0.16173,-0.60777,0.000972,224.9548,,,,,
9.6686,cmd,,,,,,-0.24260,0.40000,,,
9.6706,status,,,,,,,,TRACKING,,
9.6760,target,1791287267427098880,0.16638,-0.60580,0.001309,224.9549,,,,,
9.6907,joint,,,,,,,,,0.68262,0.42185
9.7101,target,1791287267460455680,0.17346,-0.58737,0.001215,224.9556,,,,,
9.7199,cmd,,,,,,-0.26019,0.40000,,,
9.7202,status,,,,,,,,TRACKING,,
9.7429,target,1791287267493811968,0.17572,-0.57119,0.001836,224.9552,,,,,
9.7684,cmd,,,,,,-0.26358,0.40000,,,
9.7685,status,,,,,,,,TRACKING,,
9.7751,target,1791287267527168512,0.18003,-0.54301,0.002346,224.9540,,,,,
9.8089,target,1791287267560525056,0.18694,-0.49598,0.002480,224.9544,,,,,
9.8183,cmd,,,,,,-0.28041,0.39678,,,
9.8192,status,,,,,,,,TRACKING,,
9.8424,target,1791287267593881600,0.18662,-0.44062,0.002875,224.9546,,,,,
9.8696,cmd,,,,,,-0.27994,0.35250,,,
9.8699,status,,,,,,,,TRACKING,,
9.8754,target,1791287267627238144,0.18643,-0.38038,0.003114,224.9542,,,,,
9.9099,target,1791287267660594432,0.18425,-0.31021,0.003145,224.9554,,,,,
9.9179,cmd,,,,,,-0.27638,0.24817,,,
9.9187,status,,,,,,,,TRACKING,,
9.9441,target,1791287267693950976,0.17945,-0.24281,0.003216,224.9561,,,,,
9.9687,cmd,,,,,,-0.26917,0.19425,,,
9.9688,status,,,,,,,,TRACKING,,
9.9757,target,1791287267727307520,0.17383,-0.17303,0.003346,224.9545,,,,,
10.0111,target,1791287267760664064,0.16499,-0.10176,0.003477,224.9565,,,,,
10.0182,cmd,,,,,,-0.24749,0.08141,,,
10.0220,status,,,,,,,,TRACKING,,
10.0425,target,1791287267794020608,0.15630,-0.03379,0.003542,224.9546,,,,,
10.0697,cmd,,,,,,-0.23446,0.00000,,,
10.0699,status,,,,,,,,TRACKING,,
10.0767,target,1791287267827376896,0.14817,0.03196,0.003533,224.9553,,,,,
10.1098,target,1791287267860733440,0.13828,0.09733,0.003559,224.9551,,,,,
10.1180,cmd,,,,,,-0.20742,-0.07787,,,
10.1198,status,,,,,,,,TRACKING,,
10.1429,target,1791287267894089728,0.13053,0.16320,0.003505,224.9549,,,,,
10.1702,cmd,,,,,,-0.19580,-0.13056,,,
10.1719,status,,,,,,,,TRACKING,,
10.1756,target,1791287267927446272,0.12352,0.22151,0.003490,224.9542,,,,,
10.2089,joint,,,,,,,,,0.60592,0.61359
10.2096,target,1791287267960802816,0.11749,0.27358,0.003609,224.9549,,,,,
10.2181,cmd,,,,,,-0.17624,-0.21886,,,
10.2198,status,,,,,,,,TRACKING,,
10.2427,target,1791287267994159104,0.11272,0.31918,0.003655,224.9546,,,,,
10.2713,cmd,,,,,,-0.16907,-0.25535,,,
10.2726,status,,,,,,,,TRACKING,,
10.2765,target,1791287268027515648,0.10989,0.35903,0.003687,224.9550,,,,,
10.3115,target,1791287268060872192,0.11082,0.39322,0.003746,224.9567,,,,,
10.3181,cmd,,,,,,-0.16623,-0.31457,,,
10.3194,status,,,,,,,,TRACKING,,
10.3428,target,1791287268094229504,0.11441,0.42425,0.003802,224.9546,,,,,
10.3687,cmd,,,,,,-0.17162,-0.33940,,,
10.3688,status,,,,,,,,TRACKING,,
10.3747,target,1791287268127587072,0.11830,0.44613,0.003863,224.9532,,,,,
10.4095,target,1791287268160944640,0.12331,0.46933,0.003963,224.9546,,,,,
10.4185,cmd,,,,,,-0.18497,-0.37546,,,
10.4186,status,,,,,,,,TRACKING,,
10.4427,target,1791287268194301952,0.12820,0.48404,0.004026,224.9545,,,,,
10.4688,cmd,,,,,,-0.19230,-0.38724,,,
10.4691,status,,,,,,,,TRACKING,,
10.4757,target,1791287268227659776,0.13551,0.49849,0.004132,224.9541,,,,,
10.5112,target,1791287268261017088,0.14399,0.50890,0.004180,224.9562,,,,,
10.5179,cmd,,,,,,-0.21598,-0.40000,,,
10.5206,status,,,,,,,,TRACKING,,
10.5436,target,1791287268294374400,0.15369,0.50081,0.004201,224.9552,,,,,
10.5694,cmd,,,,,,-0.23054,-0.40000,,,
10.5695,status,,,,,,,,TRACKING,,
10.5779,target,1791287268327732224,0.16656,0.50260,0.004299,224.9562,,,,,
10.6120,target,1791287268361089536,0.17844,0.48995,0.004358,224.9570,,,,,
10.6180,cmd,,,,,,-0.26766,-0.39196,,,
10.6182,status,,,,,,,,TRACKING,,
10.6434,target,1791287268394447104,0.19219,0.47959,0.004481,224.9550,,,,,
10.6687,cmd,,,,,,-0.28829,-0.38367,,,
10.6688,status,,,,,,,,TRACKING,,
10.6766,target,1791287268427804416,0.20513,0.46238,0.004355,224.9548,,,,,
10.7105,target,1791287268461161984,0.21903,0.44522,0.004288,224.9554,,,,,
10.7180,cmd,,,,,,-0.32854,-0.35617,,,
10.7182,status,,,,,,,,TRACKING,,
10.7449,target,1791287268494519552,0.23420,0.42190,0.004167,224.9564,,,,,
10.7481,joint,,,,,,,,,0.49701,0.57371
10.7697,cmd,,,,,,-0.35130,-0.33752,,,
10.7698,status,,,,,,,,TRACKING,,
10.7744,target,1791287268527876864,0.25129,0.40019,0.004249,224.9526,,,,,
10.8106,target,1791287268561234432,0.26776,0.37127,0.004238,224.9554,,,,,
10.8181,cmd,,,,,,-0.40164,-0.29702,,,
10.8182,status,,,,,,,,TRACKING,,
10.8426,target,1791287268594592000,0.28554,0.34489,0.004295,224.9541,,,,,
10.8697,cmd,,,,,,-0.42831,-0.27592,,,
10.8704,status,,,,,,,,TRACKING,,
10.8775,target,1791287268627949568,0.30141,0.31472,0.004464,224.9556,,,,,
10.9094,target,1791287268661306880,0.31549,0.28560,0.004518,224.9542,,,,,
10.9187,cmd,,,,,,-0.47324,-0.22848,,,
10.9188,status,,,,,,,,TRACKING,,
10.9453,target,1791287268694664192,0.32806,0.25152,0.004727,224.9567,,,,,
10.9698,cmd,,,,,,-0.49209,-0.20121,,,
10.9699,status,,,,,,,,TRACKING,,
10.9764,target,1791287268728022016,0.33983,0.21320,0.005080,224.9545,,,,,
11.0114,target,1791287268761379328,0.35013,0.18087,0.005169,224.9561,,,,,
11.0182,cmd,,,,,,-0.52519,-0.14470,,,
11.0183,status,,,,,,,,TRACKING,,
11.0428,target,1791287268794736896,0.36025,0.14869,0.005208,224.9541,,,,,
11.0694,cmd,,,,,,-0.54038,-0.11895,,,
11.0695,status,,,,,,,,TRACKING,,
11.0768,target,1791287268828094208,0.37073,0.11525,0.005319,224.9548,,,,,
11.1101,target,1791287268861452032,0.38127,0.08502,0.005280,224.9547,,,,,
11.1198,cmd,,,,,,-0.57190,-0.06801,,,
11.1199,status,,,,,,,,TRACKING,,
11.1441,target,1791287268894809344,0.39385,0.05540,0.005349,224.9553,,,,,
11.1687,cmd,,,,,,-0.59077,-0.04432,,,
11.1688,status,,,,,,,,TRACKING,,
11.1773,target,1791287268928166656,0.40664,0.02866,0.005326,224.9552,,,,,
11.2110,target,1791287268961524224,0.41402,0.00592,0.005380,224.9555,,,,,
11.2181,cmd,,,,,,-0.60000,0.00000,,,
11.2182,status,,,,,,,,TRACKING,,
11.2438,target,1791287268994881536,0.42108,-0.01320,0.005354,224.9550,,,,,
11.2482,joint,,,,,,,,,0.35742,0.41724
11.2716,cmd,,,,,,-0.60000,0.00000,,,
11.2717,status,,,,,,,,TRACKING,,
11.2744,target,1791287269028239360,0.42791,-0.02877,0.005254,224.9522,,,,,
11.3118,target,1791287269061596672,0.43223,-0.03672,0.005161,224.9562,,,,,
11.3184,cmd,,,,,,-0.60000,0.00000,,,
11.3185,status,,,,,,,,TRACKING,,
11.3444,target,1791287269094953984,0.43313,-0.03977,0.005095,224.9555,,,,,
11.3696,cmd,,,,,,-0.60000,0.00000,,,
11.3697,status,,,,,,,,TRACKING,,
11.3762,target,1791287269128311552,0.43748,-0.04246,0.004987,224.9539,,,,,
11.4100,target,1791287269161669120,0.44075,-0.03321,0.004911,224.9544,,,,,
11.4181,cmd,,,,,,-0.60000,0.00000,,,
11.4197,status,,,,,,,,TRACKING,,
11.4446,target,1791287269195026688,0.44290,-0.02891,0.004781,224.9556,,,,,
11.4703,cmd,,,,,,-0.60000,0.00000,,,
11.4704,status,,,,,,,,TRACKING,,
11.4754,target,1791287269228384000,0.44277,-0.02336,0.004572,224.9530,,,,,
11.5099,target,1791287269261741824,0.43673,-0.01988,0.004542,224.9542,,,,,
11.5183,cmd,,,,,,-0.60000,0.00000,,,
11.5186,status,,,,,,,,TRACKING,,
11.5443,target,1791287269295099136,0.42768,-0.01432,0.004384,224.9552,,,,,
11.5693,cmd,,,,,,-0.60000,0.00000,,,
11.5694,status,,,,,,,,TRACKING,,
11.5772,target,1791287269328456448,0.41613,-0.01441,0.004084,224.9548,,,,,
11.6113,target,1791287269361814016,0.40346,-0.01235,0.003843,224.9555,,,,,
11.6180,cmd,,,,,,-0.60000,0.00000,,,
11.6185,status,,,,,,,,TRACKING,,
11.6433,target,1791287269395171584,0.38717,-0.01536,0.003555,224.9542,,,,,
11.6702,cmd,,,,,,-0.58075,0.00000,,,
11.6703,status,,,,,,,,TRACKING,,
11.6763,target,1791287269428529152,0.37007,-0.02175,0.003359,224.9538,,,,,
11.7108,target,1791287269461886464,0.34975,-0.03149,0.003231,224.9549,,,,,
11.7181,cmd,,,,,,-0.52463,0.00000,,,
11.7184,status,,,,,,,,TRACKING,,
11.7445,target,1791287269495243776,0.32755,-0.04566,0.002941,224.9553,,,,,
11.7686,cmd,,,,,,-0.49132,0.00000,,,
11.7687,status,,,,,,,,TRACKING,,
11.7717,joint,,,,,,,,,0.08284,0.41111
11.7772,target,1791287269528601344,0.30476,-0.06343,0.002904,224.9547,,,,,
11.8105,target,1791287269561958912,0.28030,-0.08475,0.002769,224.9546,,,,,
11.8179,cmd,,,,,,-0.42046,0.06780,,,
11.8182,status,,,,,,,,TRACKING,,
11.8456,target,1791287269595316480,0.25488,-0.10718,0.002739,224.9563,,,,,
11.8683,cmd,,,,,,-0.38232,0.08575,,,
11.8684,status,,,,,,,,TRACKING,,
11.8766,target,1791287269628673792,0.22964,-0.13398,0.002548,224.9539,,,,,
11.9117,target,1791287269662031360,0.20364,-0.16184,0.002502,224.9558,,,,,
11.9181,cmd,,,,,,-0.30546,0.12947,,,
11.9182,status,,,,,,,,TRACKING,,
11.9446,target,1791287269695388672,0.17658,-0.19443,0.002450,224.9553,,,,,
11.9688,cmd,,,,,,-0.26487,0.15555,,,
11.9690,status,,,,,,,,TRACKING,,
11.9764,target,1791287269728746240,0.14935,-0.22719,0.002394,224.9537,,,,,
12.0106,target,1791287269762103808,0.12292,-0.26376,0.002470,224.9545,,,,,
12.0179,cmd,,,,,,-0.18437,0.21101,,,
12.0182,status,,,,,,,,TRACKING,,
12.0439,target,1791287269795461120,0.09644,-0.29440,0.002550,224.9544,,,,,
12.0692,cmd,,,,,,-0.14466,0.23552,,,
12.0702,status,,,,,,,,TRACKING,,
12.0768,target,1791287269828818688,0.07112,-0.33021,0.002483,224.9541,,,,,
12.1121,target,1791287269862176000,0.04256,-0.36282,0.002439,224.9559,,,,,
12.1178,cmd,,,,,,0.00000,0.29025,,,
12.1180,status,,,,,,,,TRACKING,,
12.1443,target,1791287269895533568,0.01349,-0.39597,0.002135,224.9549,,,,,
12.1697,cmd,,,,,,0.00000,0.31678,,,
12.1698,status,,,,,,,,TRACKING,,
12.1773,target,1791287269928891136,-0.01909,-0.43125,0.001714,224.9545,,,,,
12.2119,target,1791287269962248448,-0.04667,-0.47260,0.001604,224.9557,,,,,
12.2175,cmd,,,,,,0.00000,0.37808,,,
12.2198,status,,,,,,,,TRACKING,,
12.2437,target,1791287269995606016,-0.07104,-0.50904,0.001682,224.9541,,,,,
12.2697,cmd,,,,,,0.10657,0.40000,,,
12.2698,status,,,,,,,,TRACKING,,
12.2776,target,1791287270028963328,-0.08868,-0.53431,0.001664,224.9546,,,,,
12.2923,joint,,,,,,,,,-0.16874,0.43718
12.3121,target,1791287270062320896,-0.10836,-0.56361,0.001539,224.9558,,,,,
12.3177,cmd,,,,,,0.16255,0.40000,,,
12.3187,status,,,,,,,,TRACKING,,
12.3444,target,1791287270095678208,-0.12421,-0.58617,0.001411,224.9547,,,,,
12.3697,cmd,,,,,,0.18631,0.40000,,,
12.3700,status,,,,,,,,TRACKING,,
12.3779,target,1791287270129035520,-0.12377,-0.59777,0.001558,224.9549,,,,,
12.4116,target,1791287270162393088,-0.12501,-0.60059,0.001063,224.9552,,,,,
12.4175,cmd,,,,,,0.18752,0.40000,,,
12.4180,status,,,,,,,,TRACKING,,
12.4448,target,1791287270195750144,0.00000,0.00000,0.000000,224.9551,,,,,
12.4696,cmd,,,,,,0.00000,0.00000,,,
12.4697,status,,,,,,,,LOST,,
12.4783,target,1791287270229107712,0.00000,0.00000,0.000000,224.9552,,,,,
12.5122,target,1791287270262465024,0.00000,0.00000,0.000000,224.9558,,,,,
12.5178,cmd,,,,,,0.00000,0.00000,,,
12.5180,status,,,,,,,,LOST,,
12.5438,target,1791287270295822592,0.00000,0.00000,0.000000,224.9540,,,,,
12.5693,cmd,,,,,,0.00000,0.00000,,,
12.5694,status,,,,,,,,LOST,,
12.5785,target,1791287270329179648,-0.18344,-0.54505,0.001563,224.9553,,,,,
12.6113,target,1791287270362537216,-0.20505,-0.50025,0.002164,224.9548,,,,,
12.6181,cmd,,,,,,0.00000,0.00000,,,
12.6182,status,,,,,,,,LOST,,
12.6443,target,1791287270395894528,-0.23567,-0.45476,0.002081,224.9544,,,,,
12.6697,cmd,,,,,,0.35351,0.36380,,,
12.6698,status,,,,,,,,TRACKING,,
12.6773,target,1791287270429251840,-0.27819,-0.43285,0.001654,224.9541,,,,,
12.7112,target,1791287270462609152,-0.31871,-0.40671,0.001395,224.9546,,,,,
12.7175,cmd,,,,,,0.47807,0.32537,,,
12.7185,status,,,,,,,,TRACKING,,
12.7451,target,1791287270495966464,0.00000,0.00000,0.000000,224.9552,,,,,
12.7697,cmd,,,,,,0.00000,0.00000,,,
12.7699,status,,,,,,,,LOST,,
12.7763,target,1791287270529324032,0.00000,0.00000,0.000000,224.9530,,,,,
12.8081,target,1791287270562681344,0.00000,0.00000,0.000000,224.9515,,,,,
12.8180,cmd,,,,,,0.00000,0.00000,,,
12.8187,status,,,,,,,,LOST,,
12.8303,joint,,,,,,,,,-0.15800,0.49701
12.8449,target,1791287270596038656,0.00000,0.00000,0.000000,224.9549,,,,,
12.8681,cmd,,,,,,0.00000,0.00000,,,
12.8682,status,,,,,,,,LOST,,
12.8755,target,1791287270629395968,0.00000,0.00000,0.000000,224.9522,,,,,
12.9129,target,1791287270662753536,0.00000,0.00000,0.000000,224.9562,,,,,
12.9175,cmd,,,,,,0.00000,0.00000,,,
12.9176,status,,,,,,,,LOST,,
12.9448,target,1791287270696110592,-0.67713,-0.38000,0.002227,224.9547,,,,,
12.9677,cmd,,,,,,0.00000,0.00000,,,
12.9678,status,,,,,,,,LOST,,
12.9771,target,1791287270729467904,-0.72062,-0.38683,0.004184,224.9537,,,,,
13.0093,target,1791287270762825472,-0.76705,-0.38983,0.005317,224.9525,,,,,
13.0176,cmd,,,,,,0.60000,0.31186,,,
13.0177,status,,,,,,,,TRACKING,,
13.0465,target,1791287270796182528,-0.80897,-0.39876,0.006013,224.9564,,,,,
13.0693,cmd,,,,,,0.60000,0.31901,,,
13.0703,status,,,,,,,,TRACKING,,
13.0882,target,1791287270829540096,-0.84947,-0.41098,0.006584,224.9647,,,,,
13.1116,target,1791287270862897152,-0.88758,-0.42387,0.007125,224.9547,,,,,
13.1174,cmd,,,,,,0.60000,0.33910,,,
13.1175,status,,,,,,,,TRACKING,,
13.1444,target,1791287270896254720,-0.92568,-0.43555,0.007732,224.9542,,,,,
13.1696,cmd,,,,,,0.60000,0.34844,,,
13.1697,status,,,,,,,,TRACKING,,
13.1776,target,1791287270929612032,-0.95148,-0.45849,0.006745,224.9540,,,,,
13.2110,target,1791287270962969344,-0.96758,-0.46288,0.004661,224.9541,,,,,
13.2174,cmd,,,,,,0.60000,0.37030,,,
13.2175,status,,,,,,,,TRACKING,,
13.2460,target,1791287270996326656,-0.97616,-0.46456,0.003158,224.9557,,,,,
13.2680,cmd,,,,,,0.60000,0.37165,,,
13.2682,status,,,,,,,,TRACKING,,
13.2781,target,1791287271029683712,-0.97995,-0.46096,0.002348,224.9544,,,,,
13.3091,joint,,,,,,,,,-0.13192,0.50621
13.3106,target,1791287271063041280,-0.98127,-0.44894,0.002129,224.9536,,,,,
13.3176,cmd,,,,,,0.60000,0.35916,,,
13.3207,status,,,,,,,,TRACKING,,
13.3479,target,1791287271096398080,-0.98022,-0.41471,0.002496,224.9576,,,,,
13.3686,cmd,,,,,,0.60000,0.33177,,,
13.3688,status,,,,,,,,TRACKING,,
13.3779,target,1791287271129755136,-0.97622,-0.37424,0.003364,224.9542,,,,,
13.4113,target,1791287271163111936,-0.96721,-0.33158,0.004881,224.9543,,,,,
13.4174,cmd,,,,,,0.60000,0.26526,,,
13.4175,status,,,,,,,,TRACKING,,
13.4449,target,1791287271196468992,-0.95292,-0.29075,0.006641,224.9545,,,,,
13.4677,cmd,,,,,,0.60000,0.23260,,,
13.4678,status,,,,,,,,TRACKING,,
13.4784,target,1791287271229826048,-0.92747,-0.23743,0.007587,224.9547,,,,,
13.5120,target,1791287271263182848,-0.88995,-0.19251,0.007183,224.9549,,,,,
13.5173,cmd,,,,,,0.60000,0.15401,,,
13.5174,status,,,,,,,,TRACKING,,
13.5435,target,1791287271296539904,-0.85733,-0.15357,0.007138,224.9530,,,,,
13.5697,cmd,,,,,,0.60000,0.12286,,,
13.5698,status,,,,,,,,TRACKING,,
13.5771,target,1791287271329896704,-0.83025,-0.11402,0.007007,224.9532,,,,,
13.6103,target,1791287271363253760,-0.80642,-0.08163,0.006875,224.9531,,,,,
13.6173,cmd,,,,,,0.60000,0.06531,,,
13.6174,status,,,,,,,,TRACKING,,
13.6463,target,1791287271396610560,-0.78563,-0.04161,0.006738,224.9558,,,,,
13.6693,cmd,,,,,,0.60000,0.00000,,,
13.6694,status,,,,,,,,TRACKING,,
13.6783,target,1791287271429967360,-0.76722,-0.00343,0.006678,224.9543,,,,,
13.7111,target,1791287271463324160,-0.74944,0.03325,0.006628,224.9538,,,,,
13.7173,cmd,,,,,,0.60000,0.00000,,,
13.7174,status,,,,,,,,TRACKING,,
13.7474,target,1791287271496681216,-0.73271,0.06692,0.006376,224.9567,,,,,
13.7678,cmd,,,,,,0.60000,-0.05354,,,
13.7689,status,,,,,,,,TRACKING,,
13.7771,target,1791287271530038016,-0.71562,0.09474,0.006372,224.9531,,,,,
13.8097,joint,,,,,,,,,0.14113,0.61052
13.8107,target,1791287271563394816,-0.70001,0.12462,0.006280,224.9534,,,,,
13.8175,cmd,,,,,,0.60000,-0.09969,,,
13.8176,status,,,,,,,,TRACKING,,
13.8454,target,1791287271596751616,-0.68423,0.14539,0.006165,224.9547,,,,,
13.8700,cmd,,,,,,0.60000,-0.11631,,,
13.8701,status,,,,,,,,TRACKING,,
13.8788,target,1791287271630108672,-0.66841,0.16269,0.006053,224.9548,,,,,
13.9129,target,1791287271663465216,-0.65095,0.17828,0.005924,224.9555,,,,,
13.9174,cmd,,,,,,0.60000,-0.14262,,,
13.9175,status,,,,,,,,TRACKING,,
13.9462,target,1791287271696822272,-0.63467,0.19262,0.005846,224.9554,,,,,
13.9693,cmd,,,,,,0.60000,-0.15409,,,
13.9696,status,,,,,,,,TRACKING,,
13.9782,target,1791287271730179072,-0.61794,0.20949,0.005710,224.9541,,,,,
14.0104,target,1791287271763535872,-0.60106,0.22353,0.005551,224.9529,,,,,
14.0175,cmd,,,,,,0.60000,-0.17882,,,
14.0176,status,,,,,,,,TRACKING,,
14.0460,target,1791287271796892928,-0.58255,0.23246,0.005310,224.9552,,,,,
14.0693,cmd,,,,,,0.60000,-0.18597,,,
14.0694,status,,,,,,,,TRACKING,,
14.0789,target,1791287271830249472,-0.56412,0.23949,0.005035,224.9547,,,,,
14.1104,target,1791287271863606528,-0.54736,0.24832,0.004974,224.9529,,,,,
14.1177,cmd,,,,,,0.60000,-0.19865,,,
14.1178,status,,,,,,,,TRACKING,,
14.1447,target,1791287271896963072,-0.52979,0.25297,0.004902,224.9537,,,,,
14.1691,cmd,,,,,,0.60000,-0.20238,,,
14.1692,status,,,,,,,,TRACKING,,
14.1785,target,1791287271930319872,-0.51113,0.26037,0.004616,224.9542,,,,,
14.2137,target,1791287271963676672,-0.49538,0.26332,0.004631,224.9560,,,,,
14.2173,cmd,,,,,,0.60000,-0.21065,,,
14.2174,status,,,,,,,,TRACKING,,
14.2449,target,1791287271997033472,-0.47941,0.26837,0.004510,224.9539,,,,,
14.2697,cmd,,,,,,0.60000,-0.21470,,,
14.2698,status,,,,,,,,TRACKING,,
14.2773,target,1791287272030390272,-0.46326,0.27095,0.004412,224.9529,,,,,
14.3109,target,1791287272063747072,-0.44477,0.26948,0.004086,224.9532,,,,,
14.3174,cmd,,,,,,0.60000,-0.21558,,,
14.3175,status,,,,,,,,TRACKING,,
14.3297,joint,,,,,,,,,0.44946,0.57678
14.3456,target,1791287272097104128,-0.43089,0.26963,0.004275,224.9546,,,,,
14.3678,cmd,,,,,,0.60000,-0.21571,,,
14.3679,status,,,,,,,,TRACKING,,
14.3774,target,1791287272130461440,-0.41532,0.26653,0.004108,224.9530,,,,,
14.4127,target,1791287272163818752,-0.40128,0.26129,0.004145,224.9549,,,,,
14.4173,cmd,,,,,,0.60000,-0.20903,,,
14.4174,status,,,,,,,,TRACKING,,
14.4458,target,1791287272197176064,-0.38814,0.25495,0.004097,224.9547,,,,,
14.4691,cmd,,,,,,0.58221,-0.20396,,,
14.4693,status,,,,,,,,TRACKING,,
14.4788,target,1791287272230533120,-0.37618,0.24803,0.004136,224.9543,,,,,
14.5116,target,1791287272263890432,-0.36276,0.24095,0.003934,224.9537,,,,,
14.5175,cmd,,,,,,0.54414,-0.19276,,,
14.5176,status,,,,,,,,TRACKING,,
14.5459,target,1791287272297247488,-0.35079,0.22805,0.003839,224.9547,,,,,
14.5694,cmd,,,,,,0.52618,-0.18244,,,
14.5695,status,,,,,,,,TRACKING,,
14.5788,target,1791287272330604800,-0.33929,0.21144,0.003683,224.9542,,,,,
14.6117,target,1791287272363962112,-0.32552,0.19217,0.003516,224.9537,,,,,
14.6175,cmd,,,,,,0.48827,-0.15374,,,
14.6176,status,,,,,,,,TRACKING,,
14.6461,target,1791287272397319424,-0.31268,0.16962,0.003420,224.9548,,,,,
14.6693,cmd,,,,,,0.46902,-0.13570,,,
14.6694,status,,,,,,,,TRACKING,,
14.6789,target,1791287272430676480,-0.29988,0.14576,0.003192,224.9542,,,,,
14.7110,target,1791287272464033792,-0.28652,0.12384,0.002908,224.9530,,,,,
14.7174,cmd,,,,,,0.42977,-0.09907,,,
14.7175,status,,,,,,,,TRACKING,,
14.7462,target,1791287272497390848,-0.27050,0.09487,0.002641,224.9548,,,,,
14.7693,cmd,,,,,,0.40576,-0.07590,,,
14.7694,status,,,,,,,,TRACKING,,
14.7788,target,1791287272530748160,-0.25439,0.06600,0.002378,224.9541,,,,,
14.8114,target,1791287272564105216,-0.23790,0.04269,0.002257,224.9534,,,,,
14.8175,cmd,,,,,,0.35685,0.00000,,,
14.8176,status,,,,,,,,TRACKING,,
14.8454,target,1791287272597462528,-0.21942,0.02026,0.002161,224.9540,,,,,
14.8480,joint,,,,,,,,,0.74858,0.48320
14.8693,cmd,,,,,,0.32913,0.00000,,,
14.8694,status,,,,,,,,TRACKING,,
14.8782,target,1791287272630819328,-0.20044,0.00474,0.002122,224.9534,,,,,
14.9133,target,1791287272664176640,-0.17997,-0.00245,0.002211,224.9551,,,,,
14.9173,cmd,,,,,,0.26996,0.00000,,,
14.9174,status,,,,,,,,TRACKING,,
14.9443,target,1791287272697533696,-0.15707,0.00076,0.002272,224.9528,,,,,
14.9680,cmd,,,,,,0.23561,0.00000,,,
14.9681,status,,,,,,,,TRACKING,,
14.9784,target,1791287272730890752,-0.13185,0.01361,0.002263,224.9536,,,,,
15.0108,target,1791287272764248064,-0.10590,0.03694,0.002352,224.9526,,,,,
15.0176,cmd,,,,,,0.15886,0.00000,,,
15.0177,status,,,,,,,,TRACKING,,
15.0458,target,1791287272797605120,-0.08043,0.06721,0.002420,224.9542,,,,,
15.0677,cmd,,,,,,0.12065,-0.05377,,,
15.0707,status,,,,,,,,TRACKING,,
15.0790,target,1791287272830962176,-0.05491,0.10255,0.002459,224.9541,,,,,
15.1112,target,1791287272864319232,-0.02926,0.14577,0.002461,224.9529,,,,,
15.1174,cmd,,,,,,0.00000,-0.11662,,,
15.1175,status,,,,,,,,TRACKING,,
15.1444,target,1791287272897676544,-0.00393,0.19429,0.002409,224.9527,,,,,
15.1697,cmd,,,,,,0.00000,-0.15544,,,
15.1698,status,,,,,,,,TRACKING,,
15.1790,target,1791287272931033600,0.02123,0.24218,0.002522,224.9540,,,,,
15.2118,target,1791287272964390656,0.04544,0.28910,0.002498,224.9535,,,,,
15.2174,cmd,,,,,,0.00000,-0.23128,,,
15.2175,status,,,,,,,,TRACKING,,
15.2464,target,1791287272997747712,0.06901,0.33745,0.002611,224.9547,,,,,
15.2680,cmd,,,,,,-0.10351,-0.26996,,,
15.2681,status,,,,,,,,TRACKING,,
15.2785,target,1791287273031105024,0.09041,0.38324,0.002732,224.9534,,,,,
15.3117,target,1791287273064461824,0.10654,0.42574,0.002806,224.9533,,,,,
15.3173,cmd,,,,,,-0.15982,-0.34059,,,
15.3174,status,,,,,,,,TRACKING,,
15.3480,target,1791287273097819904,0.11946,0.46418,0.002960,224.9562,,,,,
15.3686,cmd,,,,,,-0.17920,-0.37134,,,
15.3687,status,,,,,,,,TRACKING,,
15.3689,joint,,,,,,,,,0.92806,0.47247
15.3796,target,1791287273131177728,0.12899,0.50441,0.002912,224.9544,,,,,
15.4115,target,1791287273164535552,0.13484,0.53897,0.003262,224.9530,,,,,
15.4175,cmd,,,,,,-0.20227,-0.40000,,,
15.4176,status,,,,,,,,TRACKING,,
15.4460,target,1791287273197893632,0.13695,0.56694,0.003301,224.9542,,,,,
15.4694,cmd,,,,,,-0.20543,-0.40000,,,
15.4696,status,,,,,,,,TRACKING,,
15.4782,target,1791287273231251456,0.13835,0.58891,0.003227,224.9530,,,,,
15.5129,target,1791287273264609280,0.13878,0.59709,0.003390,224.9543,,,,,
15.5174,cmd,,,,,,-0.20817,-0.40000,,,
15.5175,status,,,,,,,,TRACKING,,
15.5455,target,1791287273297967104,0.13787,0.60339,0.003451,224.9536,,,,,
15.5687,cmd,,,,,,-0.20681,-0.40000,,,
15.5688,status,,,,,,,,TRACKING,,
15.5794,target,1791287273331324928,0.13875,0.61015,0.003379,224.9541,,,,,
15.6121,target,1791287273364682752,0.13834,0.61168,0.003518,224.9534,,,,,
15.6175,cmd,,,,,,-0.20751,-0.40000,,,
15.6199,status,,,,,,,,TRACKING,,
15.6459,target,1791287273398040832,0.13925,0.60927,0.003513,224.9539,,,,,
15.6687,cmd,,,,,,-0.20887,-0.40000,,,
15.6688,status,,,,,,,,TRACKING,,
15.6794,target,1791287273431398656,0.13917,0.60439,0.003596,224.9540,,,,,
15.7114,target,1791287273464756480,0.14090,0.59817,0.003620,224.9526,,,,,
15.7175,cmd,,,,,,-0.21135,-0.40000,,,
15.7176,status,,,,,,,,TRACKING,,
15.7462,target,1791287273498114560,0.14497,0.58863,0.003670,224.9541,,,,,
15.7693,cmd,,,,,,-0.21745,-0.40000,,,
15.7694,status,,,,,,,,TRACKING,,
15.7789,target,1791287273531472128,0.14979,0.57581,0.003661,224.9535,,,,,
15.8113,target,1791287273564829952,0.15569,0.56559,0.003809,224.9525,,,,,
15.8174,cmd,,,,,,-0.23353,-0.40000,,,
15.8176,status,,,,,,,,TRACKING,,
15.8453,target,1791287273598188032,0.16215,0.55834,0.003921,224.9532,,,,,
15.8679,cmd,,,,,,-0.24323,-0.40000,,,
15.8707,status,,,,,,,,TRACKING,,
15.8709,joint,,,,,,,,,0.85289,0.35588
15.8804,target,1791287273631545856,0.16911,0.54588,0.003915,224.9549,,,,,
15.9113,target,1791287273664903936,0.17988,0.53970,0.003921,224.9524,,,,,
15.9174,cmd,,,,,,-0.26982,-0.40000,,,
15.9175,status,,,,,,,,TRACKING,,
15.9473,target,1791287273698261760,0.19263,0.52997,0.003954,224.9551,,,,,
15.9687,cmd,,,,,,-0.28894,-0.40000,,,
15.9688,status,,,,,,,,TRACKING,,
15.9801,target,1791287273731619328,0.20501,0.51895,0.003930,224.9545,,,,,
16.0125,target,1791287273764977408,0.21670,0.51156,0.003963,224.9536,,,,,
16.0173,cmd,,,,,,-0.32505,-0.40000,,,
16.0174,status,,,,,,,,TRACKING,,
16.0465,target,1791287273798335232,0.22964,0.50535,0.003978,224.9542,,,,,
16.0687,cmd,,,,,,-0.34447,-0.40000,,,
16.0688,status,,,,,,,,TRACKING,,
16.0798,target,1791287273831693056,0.24426,0.49938,0.003969,224.9542,,,,,
16.1127,target,1791287273865051136,0.25882,0.49177,0.004063,224.9537,,,,,
16.1173,cmd,,,,,,-0.38823,-0.39342,,,
16.1174,status,,,,,,,,TRACKING,,
16.1466,target,1791287273898408704,0.27311,0.48423,0.004201,224.9542,,,,,
16.1677,cmd,,,,,,-0.40967,-0.38739,,,
16.1678,status,,,,,,,,TRACKING,,
16.1798,target,1791287273931766528,0.28819,0.47462,0.004175,224.9541,,,,,
16.2124,target,1791287273965124608,0.30392,0.46533,0.004223,224.9533,,,,,
16.2173,cmd,,,,,,-0.45588,-0.37226,,,
16.2174,status,,,,,,,,TRACKING,,
16.2474,target,1791287273998482432,0.31858,0.45458,0.004232,224.9549,,,,,
16.2680,cmd,,,,,,-0.47787,-0.36366,,,
16.2681,status,,,,,,,,TRACKING,,
16.2801,target,1791287274031840256,0.33395,0.43842,0.004338,224.9543,,,,,
16.3127,target,1791287274065198080,0.34832,0.42046,0.004395,224.9535,,,,,
16.3173,cmd,,,,,,-0.52248,-0.33637,,,
16.3174,status,,,,,,,,TRACKING,,
16.3479,target,1791287274098555136,0.36435,0.40260,0.004321,224.9554,,,,,
16.3684,cmd,,,,,,-0.54652,-0.32208,,,
16.3685,status,,,,,,,,TRACKING,,
16.3808,target,1791287274131912704,0.38157,0.37920,0.004347,224.9550,,,,,
16.3890,joint,,,,,,,,,0.73478,0.15340
16.4127,target,1791287274165269760,0.39929,0.35307,0.004438,224.9535,,,,,
16.4174,cmd,,,,,,-0.59893,-0.28246,,,
16.4175,status,,,,,,,,TRACKING,,
16.4460,target,1791287274198627072,0.41451,0.32732,0.004340,224.9534,,,,,
16.4677,cmd,,,,,,-0.60000,-0.26186,,,
16.4693,status,,,,,,,,TRACKING,,
16.4811,target,1791287274231984128,0.42852,0.29559,0.004264,224.9551,,,,,
16.5127,target,1791287274265341184,0.44798,0.26146,0.004453,224.9534,,,,,
16.5176,cmd,,,,,,-0.60000,-0.20917,,,
16.5177,status,,,,,,,,TRACKING,,
16.5467,target,1791287274298698496,0.46952,0.22837,0.004657,224.9540,,,,,
16.5677,cmd,,,,,,-0.60000,-0.18270,,,
16.5678,status,,,,,,,,TRACKING,,
16.5809,target,1791287274332055552,0.48602,0.19785,0.004987,224.9549,,,,,
16.6117,target,1791287274365412864,0.49847,0.16687,0.005154,224.9524,,,,,
16.6173,cmd,,,,,,-0.60000,-0.13350,,,
16.6174,status,,,,,,,,TRACKING,,
16.6453,target,1791287274398769920,0.51357,0.13401,0.005306,224.9525,,,,,
16.6693,cmd,,,,,,-0.60000,-0.10721,,,
16.6694,status,,,,,,,,TRACKING,,
16.6785,target,1791287274432127232,0.52707,0.10563,0.005543,224.9525,,,,,
16.7132,target,1791287274465484288,0.53840,0.07497,0.005673,224.9538,,,,,
16.7174,cmd,,,,,,-0.60000,-0.05998,,,
16.7175,status,,,,,,,,TRACKING,,
16.7468,target,1791287274498841600,0.54950,0.04565,0.005870,224.9540,,,,,
16.7677,cmd,,,,,,-0.60000,0.00000,,,
16.7678,status,,,,,,,,TRACKING,,
16.7811,target,1791287274532198656,0.55854,0.01514,0.006031,224.9549,,,,,
16.8119,target,1791287274565555968,0.56616,-0.01006,0.006254,224.9524,,,,,
16.8174,cmd,,,,,,-0.60000,0.00000,,,
16.8175,status,,,,,,,,TRACKING,,
16.8464,target,1791287274598912768,0.57089,-0.03885,0.006519,224.9536,,,,,
16.8678,cmd,,,,,,-0.60000,0.00000,,,
16.8679,status,,,,,,,,TRACKING,,
16.8794,target,1791287274632270080,0.57210,-0.06398,0.006758,224.9531,,,,,
16.9087,joint,,,,,,,,,0.49394,0.00000
16.9127,target,1791287274665627136,0.57173,-0.08883,0.006936,224.9531,,,,,
16.9173,cmd,,,,,,-0.60000,0.07106,,,
16.9174,status,,,,,,,,TRACKING,,
16.9469,target,1791287274698984448,0.57067,-0.10834,0.007053,224.9539,,,,,
16.9681,cmd,,,,,,-0.60000,0.08667,,,
16.9682,status,,,,,,,,TRACKING,,
16.9836,target,1791287274732341504,0.56788,-0.12446,0.007164,224.9573,,,,,
17.0133,target,1791287274765698816,0.56249,-0.13235,0.007441,224.9537,,,,,
17.0173,cmd,,,,,,-0.60000,0.10588,,,
17.0174,status,,,,,,,,TRACKING,,
17.0480,target,1791287274799055872,0.55448,-0.14185,0.007439,224.9549,,,,,
17.0679,cmd,,,,,,-0.60000,0.11348,,,
17.0680,status,,,,,,,,TRACKING,,
17.0805,target,1791287274832412928,0.54477,-0.15111,0.007504,224.9541,,,,,
17.1135,target,1791287274865769984,0.53335,-0.15770,0.007435,224.9537,,,,,
17.1173,cmd,,,,,,-0.60000,0.12616,,,
17.1174,status,,,,,,,,TRACKING,,
17.1478,target,1791287274899127296,0.52102,-0.16125,0.007411,224.9548,,,,,
17.1687,cmd,,,,,,-0.60000,0.12900,,,
17.1688,status,,,,,,,,TRACKING,,
17.1818,target,1791287274932484352,0.50845,-0.16529,0.007383,224.9554,,,,,
17.2133,target,1791287274965841408,0.49485,-0.16826,0.007298,224.9535,,,,,
17.2173,cmd,,,,,,-0.60000,0.13461,,,
17.2174,status,,,,,,,,TRACKING,,
17.2482,target,1791287274999198464,0.48091,-0.17075,0.007237,224.9550,,,,,
17.2687,cmd,,,,,,-0.60000,0.13660,,,
17.2688,status,,,,,,,,TRACKING,,
17.2827,target,1791287275032555776,0.46873,-0.17381,0.007144,224.9562,,,,,
17.3160,target,1791287275065912576,0.45645,-0.17787,0.006962,224.9561,,,,,
17.3175,cmd,,,,,,-0.60000,0.13905,,,
17.3176,status,,,,,,,,TRACKING,,
17.3484,target,1791287275099270144,0.44623,-0.18486,0.006784,224.9551,,,,,
17.3691,cmd,,,,,,-0.60000,0.14789,,,
17.3692,status,,,,,,,,TRACKING,,
17.3818,target,1791287275132627200,0.43620,-0.19562,0.006500,224.9552,,,,,
17.4141,target,1791287275165984256,0.42955,-0.21313,0.006395,224.9541,,,,,
17.4172,cmd,,,,,,-0.60000,0.17050,,,
17.4173,status,,,,,,,,TRACKING,,
17.4298,joint,,,,,,,,,0.18561,0.02148
17.4481,target,1791287275199341824,0.42455,-0.22791,0.006428,224.9548,,,,,
17.4678,cmd,,,,,,-0.60000,0.18233,,,
17.4688,status,,,,,,,,TRACKING,,
17.4819,target,1791287275232698880,0.41641,-0.24353,0.006278,224.9553,,,,,
17.5147,target,1791287275266056192,0.40604,-0.25915,0.005994,224.9547,,,,,
17.5174,cmd,,,,,,-0.60000,0.20732,,,
17.5176,status,,,,,,,,TRACKING,,
17.5482,target,1791287275299413248,0.39381,-0.27288,0.005773,224.9548,,,,,
17.5692,cmd,,,,,,-0.59071,0.21831,,,
17.5693,status,,,,,,,,TRACKING,,
17.5821,target,1791287275332770816,0.37956,-0.28334,0.005642,224.9554,,,,,
17.6128,target,1791287275366127872,0.36374,-0.29402,0.005508,224.9527,,,,,
17.6174,cmd,,,,,,-0.54561,0.23522,,,
17.6175,status,,,,,,,,TRACKING,,
17.6474,target,1791287275399485184,0.34766,-0.30081,0.005317,224.9540,,,,,
17.6677,cmd,,,,,,-0.52150,0.24065,,,
17.6678,status,,,,,,,,TRACKING,,
17.6802,target,1791287275432842240,0.33111,-0.30608,0.005132,224.9534,,,,,
17.7134,target,1791287275466199552,0.31424,-0.31003,0.004889,224.9532,,,,,
17.7173,cmd,,,,,,-0.47136,0.24802,,,
17.7174,status,,,,,,,,TRACKING,,
17.7485,target,1791287275499556608,0.29602,-0.31668,0.004551,224.9550,,,,,
17.7678,cmd,,,,,,-0.44403,0.25334,,,
17.7680,status,,,,,,,,TRACKING,,
17.7818,target,1791287275532913920,0.28130,-0.31619,0.004421,224.9549,,,,,
17.8130,target,1791287275566270976,0.26796,-0.32567,0.004230,224.9528,,,,,
17.8172,cmd,,,,,,-0.40195,0.26053,,,
17.8173,status,,,,,,,,TRACKING,,
17.8478,target,1791287275599628288,0.25863,-0.32733,0.004167,224.9543,,,,,
17.8687,cmd,,,,,,-0.38795,0.26186,,,
17.8688,status,,,,,,,,TRACKING,,
17.8808,target,1791287275632985344,0.24552,-0.33510,0.003969,224.9539,,,,,
17.9129,target,1791287275666342656,0.23363,-0.35129,0.003904,224.9526,,,,,
17.9175,cmd,,,,,,-0.35044,0.28103,,,
17.9176,status,,,,,,,,TRACKING,,
17.9309,joint,,,,,,,,,-0.11505,0.09971
17.9467,target,1791287275699699712,0.22151,-0.36774,0.003620,224.9531,,,,,
17.9693,cmd,,,,,,-0.33227,0.29420,,,
17.9694,status,,,,,,,,TRACKING,,
17.9818,target,1791287275733056768,0.20698,-0.38581,0.003503,224.9548,,,,,
18.0131,target,1791287275766414080,0.19255,-0.40904,0.003370,224.9527,,,,,
18.0176,cmd,,,,,,-0.28882,0.32723,,,
18.0177,status,,,,,,,,TRACKING,,
18.0479,target,1791287275799771136,0.17575,-0.43546,0.003177,224.9542,,,,,
18.0681,cmd,,,,,,-0.26363,0.34837,,,
18.0684,status,,,,,,,,TRACKING,,
18.0803,target,1791287275833128448,0.16072,-0.46022,0.002967,224.9532,,,,,
18.1130,target,1791287275866485504,0.14145,-0.49717,0.002947,224.9526,,,,,
18.1173,cmd,,,,,,-0.21218,0.39773,,,
18.1174,status,,,,,,,,TRACKING,,
18.1476,target,1791287275899842560,0.12265,-0.52625,0.002702,224.9538,,,,,
18.1687,cmd,,,,,,-0.18398,0.40000,,,
18.1688,status,,,,,,,,TRACKING,,
18.1817,target,1791287275933199616,0.10021,-0.54840,0.002622,224.9546,,,,,
18.2147,target,1791287275966556928,0.07654,-0.56333,0.002437,224.9542,,,,,
18.2177,cmd,,,,,,-0.11480,0.40000,,,
18.2178,status,,,,,,,,TRACKING,,
18.2480,target,1791287275999913984,0.05202,-0.57008,0.002125,224.9541,,,,,
18.2692,cmd,,,,,,-0.07803,0.40000,,,
18.2693,status,,,,,,,,TRACKING,,
18.2810,target,1791287276033271040,0.02778,-0.56535,0.001810,224.9537,,,,,
18.3127,target,1791287276066628096,0.00134,-0.55316,0.001146,224.9521,,,,,
18.3173,cmd,,,,,,0.00000,0.40000,,,
18.3174,status,,,,,,,,TRACKING,,
18.3479,target,1791287276099985920,0.00000,0.00000,0.000000,224.9540,,,,,
18.3679,cmd,,,,,,0.00000,0.00000,,,
18.3680,status,,,,,,,,LOST,,
18.3799,target,1791287276133343232,0.00000,0.00000,0.000000,224.9526,,,,,
18.4117,target,1791287276166700800,0.00000,0.00000,0.000000,224.9511,,,,,
18.4174,cmd,,,,,,0.00000,0.00000,,,
18.4175,status,,,,,,,,LOST,,
18.4458,target,1791287276200058368,0.00000,0.00000,0.000000,224.9518,,,,,
18.4483,joint,,,,,,,,,-0.31293,0.23470
18.4693,cmd,,,,,,0.00000,0.00000,,,
18.4694,status,,,,,,,,LOST,,
18.4778,target,1791287276233415936,0.00000,0.00000,0.000000,224.9504,,,,,
18.5126,target,1791287276266773504,0.00000,0.00000,0.000000,224.9519,,,,,
18.5173,cmd,,,,,,0.00000,0.00000,,,
18.5175,status,,,,,,,,LOST,,
18.5496,target,1791287276300131072,0.00000,0.00000,0.000000,224.9555,,,,,
18.5688,cmd,,,,,,0.00000,0.00000,,,
18.5689,status,,,,,,,,LOST,,
18.5803,target,1791287276333488896,0.00000,0.00000,0.000000,224.9529,,,,,
18.6143,target,1791287276366846208,0.00000,0.00000,0.000000,224.9535,,,,,
18.6176,cmd,,,,,,0.00000,0.00000,,,
18.6177,status,,,,,,,,LOST,,
18.6487,target,1791287276400203776,-0.29780,-0.56996,0.002333,224.9545,,,,,
18.6678,cmd,,,,,,0.00000,0.00000,,,
18.6680,status,,,,,,,,LOST,,
18.6805,target,1791287276433561600,-0.33037,-0.63419,0.003698,224.9530,,,,,
18.7146,target,1791287276466919168,-0.36876,-0.69225,0.004036,224.9537,,,,,
18.7173,cmd,,,,,,0.55313,0.40000,,,
18.7174,status,,,,,,,,TRACKING,,
18.7484,target,1791287276500276736,-0.40915,-0.75898,0.004514,224.9541,,,,,
18.7696,cmd,,,,,,0.60000,0.40000,,,
18.7697,status,,,,,,,,TRACKING,,
18.7821,target,1791287276533634304,-0.45062,-0.81889,0.005297,224.9545,,,,,
18.8135,target,1791287276566991872,-0.49327,-0.86457,0.005013,224.9525,,,,,
18.8173,cmd,,,,,,0.60000,0.40000,,,
18.8174,status,,,,,,,,TRACKING,,
18.8477,target,1791287276600349696,-0.53899,-0.89035,0.004293,224.9533,,,,,
18.8680,cmd,,,,,,0.60000,0.40000,,,
18.8681,status,,,,,,,,TRACKING,,
18.8802,target,1791287276633707264,-0.58723,-0.91082,0.003594,224.9525,,,,,
18.9139,target,1791287276667064576,-0.63276,-0.91958,0.003609,224.9529,,,,,
18.9172,cmd,,,,,,0.60000,0.40000,,,
18.9173,status,,,,,,,,TRACKING,,
18.9487,joint,,,,,,,,,-0.30680,0.24851
18.9509,target,1791287276700422400,-0.67468,-0.92822,0.003401,224.9565,,,,,
18.9677,cmd,,,,,,0.60000,0.40000,,,
18.9682,status,,,,,,,,TRACKING,,
18.9807,target,1791287276733779968,-0.71364,-0.93411,0.003145,224.9530,,,,,
19.0138,target,1791287276767137792,-0.75440,-0.93120,0.003411,224.9527,,,,,
19.0173,cmd,,,,,,0.60000,0.40000,,,
19.0174,status,,,,,,,,TRACKING,,
19.0517,target,1791287276800495360,-0.78347,-0.92033,0.004043,224.9572,,,,,
19.0691,cmd,,,,,,0.60000,0.40000,,,
19.0692,status,,,,,,,,TRACKING,,
19.0812,target,1791287276833852928,-0.80570,-0.90051,0.005087,224.9534,,,,,
19.1155,target,1791287276867210752,-0.81876,-0.87460,0.006395,224.9544,,,,,
19.1177,cmd,,,,,,0.60000,0.40000,,,
19.1178,status,,,,,,,,TRACKING,,
19.1503,target,1791287276900568320,-0.81757,-0.83960,0.007589,224.9557,,,,,
19.1677,cmd,,,,,,0.60000,0.40000,,,
19.1678,status,,,,,,,,TRACKING,,
19.1803,target,1791287276933926144,-0.80918,-0.77677,0.007934,224.9524,,,,,
19.2140,target,1791287276967283712,-0.79716,-0.69585,0.007795,224.9528,,,,,
19.2173,cmd,,,,,,0.60000,0.40000,,,
19.2174,status,,,,,,,,TRACKING,,
19.2517,target,1791287277000641280,-0.78268,-0.60956,0.007552,224.9571,,,,,
19.2679,cmd,,,,,,0.60000,0.40000,,,
19.2680,status,,,,,,,,TRACKING,,
19.2807,target,1791287277033999104,-0.76893,-0.52875,0.007329,224.9527,,,,,
19.3147,target,1791287277067356672,-0.76073,-0.45125,0.007036,224.9534,,,,,
19.3173,cmd,,,,,,0.60000,0.36100,,,
19.3174,status,,,,,,,,TRACKING,,
19.3502,target,1791287277100713984,-0.75554,-0.38267,0.007211,224.9555,,,,,
19.3687,cmd,,,,,,0.60000,0.30614,,,
19.3688,status,,,,,,,,TRACKING,,
19.3819,target,1791287277134071552,-0.74901,-0.30717,0.008414,224.9538,,,,,
19.4137,target,1791287277167428608,-0.73392,-0.23190,0.011374,224.9523,,,,,
19.4173,cmd,,,,,,0.60000,0.18552,,,
19.4174,status,,,,,,,,TRACKING,,
19.4511,target,1791287277200786176,-0.73467,-0.16643,0.011458,224.9563,,,,,
19.4683,cmd,,,,,,0.60000,0.13315,,,
19.4684,status,,,,,,,,TRACKING,,
19.4686,joint,,,,,,,,,-0.04448,0.41878
19.4814,target,1791287277234143232,-0.73736,-0.09677,0.011306,224.9532,,,,,
19.5151,target,1791287277267500800,-0.73940,-0.03237,0.010981,224.9536,,,,,
19.5173,cmd,,,,,,0.60000,0.00000,,,
19.5174,status,,,,,,,,TRACKING,,
19.5497,target,1791287277300857856,-0.73813,0.02754,0.010469,224.9549,,,,,
19.5678,cmd,,,,,,0.60000,0.00000,,,
19.5685,status,,,,,,,,TRACKING,,
19.5824,target,1791287277334215424,-0.73512,0.08598,0.009770,224.9542,,,,,
19.6160,target,1791287277367572736,-0.73177,0.13606,0.008995,224.9544,,,,,
19.6173,cmd,,,,,,0.60000,-0.06878,,,
19.6174,status,,,,,,,,TRACKING,,
19.6506,target,1791287277400930048,-0.72572,0.17754,0.008223,224.9557,,,,,
19.6678,cmd,,,,,,0.60000,-0.14204,,,
19.6679,status,,,,,,,,TRACKING,,
19.6825,target,1791287277434287360,-0.71603,0.21377,0.006799,224.9543,,,,,
19.7160,target,1791287277467644416,-0.70993,0.24200,0.006159,224.9544,,,,,
19.7182,cmd,,,,,,0.60000,-0.19360,,,
19.7183,status,,,,,,,,TRACKING,,
19.7511,target,1791287277501001984,-0.70338,0.26163,0.005964,224.9562,,,,,
19.7693,cmd,,,,,,0.60000,-0.20930,,,
19.7694,status,,,,,,,,TRACKING,,
19.7827,target,1791287277534359040,-0.69575,0.27842,0.005668,224.9544,,,,,
19.8151,target,1791287277567716608,-0.68395,0.28520,0.005369,224.9535,,,,,
19.8172,cmd,,,,,,0.60000,-0.22816,,,
19.8173,status,,,,,,,,TRACKING,,
19.8517,target,1791287277601073664,-0.66864,0.28885,0.005035,224.9567,,,,,
19.8696,cmd,,,,,,0.60000,-0.23108,,,
19.8697,status,,,,,,,,TRACKING,,
19.8825,target,1791287277634430976,-0.65089,0.29097,0.004898,224.9541,,,,,
19.9150,target,1791287277667788288,-0.63176,0.29494,0.004674,224.9533,,,,,
19.9171,cmd,,,,,,0.60000,-0.23595,,,
19.9172,status,,,,,,,,TRACKING,,
19.9526,target,1791287277701145600,-0.61228,0.29612,0.004410,224.9575,,,,,
19.9677,cmd,,,,,,0.60000,-0.23690,,,
19.9678,status,,,,,,,,TRACKING,,
19.9823,target,1791287277734502912,-0.59323,0.28925,0.004301,224.9538,,,,,
19.9883,joint,,,,,,,,,0.26691,0.48934
20.0159,target,1791287277767860224,-0.57277,0.29023,0.003934,224.9541,,,,,
20.0184,cmd,,,,,,0.60000,-0.23219,,,
20.0196,status,,,,,,,,TRACKING,,
20.0502,target,1791287277801217536,-0.55090,0.28850,0.003670,224.9550,,,,,
20.0679,cmd,,,,,,0.60000,-0.23080,,,
20.0680,status,,,,,,,,TRACKING,,
20.0827,target,1791287277834574592,-0.53029,0.28569,0.003457,224.9542,,,,,
20.1152,target,1791287277867932160,-0.51058,0.27905,0.003477,224.9533,,,,,
20.1173,cmd,,,,,,0.60000,-0.22324,,,
20.1174,status,,,,,,,,TRACKING,,
20.1509,target,1791287277901289216,-0.48960,0.27047,0.003262,224.9557,,,,,
20.1696,cmd,,,,,,0.60000,-0.21638,,,
20.1697,status,,,,,,,,TRACKING,,
20.1814,target,1791287277934646528,-0.46663,0.26537,0.002932,224.9527,,,,,
20.2147,target,1791287277968003840,-0.44543,0.25630,0.002849,224.9527,,,,,
20.2173,cmd,,,,,,0.60000,-0.20504,,,
20.2174,status,,,,,,,,TRACKING,,
20.2515,target,1791287278001361152,-0.42282,0.24647,0.002654,224.9562,,,,,
20.2687,cmd,,,,,,0.60000,-0.19718,,,
20.2688,status,,,,,,,,TRACKING,,
20.2819,target,1791287278034718208,-0.39978,0.23938,0.002563,224.9532,,,,,
20.3149,target,1791287278068075776,-0.37594,0.22866,0.002411,224.9529,,,,,
20.3177,cmd,,,,,,0.56391,-0.18293,,,
20.3178,status,,,,,,,,TRACKING,,
20.3514,target,1791287278101433344,-0.35106,0.21691,0.002294,224.9560,,,,,
20.3683,cmd,,,,,,0.52659,-0.17353,,,
20.3684,status,,,,,,,,TRACKING,,
20.3842,target,1791287278134790912,-0.32549,0.20087,0.002337,224.9554,,,,,
20.4150,target,1791287278168148736,-0.29855,0.19023,0.002303,224.9529,,,,,
20.4177,cmd,,,,,,0.44782,-0.15218,,,
20.4178,status,,,,,,,,TRACKING,,
20.4506,target,1791287278201506304,-0.27076,0.17995,0.002381,224.9551,,,,,
20.4681,cmd,,,,,,0.40615,-0.14396,,,
20.4682,status,,,,,,,,TRACKING,,
20.4833,target,1791287278234864128,-0.24193,0.17127,0.002300,224.9545,,,,,
20.5162,target,1791287278268221696,-0.21398,0.15665,0.002559,224.9541,,,,,
20.5175,cmd,,,,,,0.36289,-0.13701,,,
20.5177,status,,,,,,,,TRACKING,,
20.5308,joint,,,,,,,,,0.58752,0.38963
20.5509,target,1791287278301579264,-0.18726,0.14756,0.002678,224.9554,,,,,
20.5691,cmd,,,,,,0.28089,-0.11805,,,
20.5692,status,,,,,,,,TRACKING,,
20.5816,target,1791287278334937088,-0.15915,0.14257,0.002782,224.9527,,,,,
20.6160,target,1791287278368294656,-0.12906,0.13450,0.002756,224.9538,,,,,
20.6181,cmd,,,,,,0.19359,-0.10760,,,
20.6182,status,,,,,,,,TRACKING,,
20.6508,target,1791287278401652224,-0.09881,0.12678,0.002806,224.9552,,,,,
20.6678,cmd,,,,,,0.14822,-0.10142,,,
20.6681,status,,,,,,,,TRACKING,,
20.6809,target,1791287278435010048,-0.06869,0.12432,0.002960,224.9519,,,,,
20.7149,target,1791287278468367616,-0.03902,0.12465,0.003064,224.9526,,,,,
20.7176,cmd,,,,,,0.00000,-0.09972,,,
20.7177,status,,,,,,,,TRACKING,,
20.7522,target,1791287278501725696,-0.00963,0.12964,0.003123,224.9565,,,,,
20.7677,cmd,,,,,,0.00000,-0.10371,,,
20.7678,status,,,,,,,,TRACKING,,
20.7815,target,1791287278535083264,0.01765,0.13702,0.003184,224.9525,,,,,
20.8149,target,1791287278568440832,0.04472,0.14661,0.003225,224.9525,,,,,
20.8176,cmd,,,,,,0.00000,-0.11729,,,
20.8177,status,,,,,,,,TRACKING,,
20.8514,target,1791287278601798656,0.07170,0.16084,0.003303,224.9556,,,,,
20.8697,cmd,,,,,,-0.10754,-0.12867,,,
20.8698,status,,,,,,,,TRACKING,,
20.8837,target,1791287278635156480,0.09838,0.17755,0.003368,224.9546,,,,,
20.9153,target,1791287278668514048,0.11996,0.19125,0.003516,224.9528,,,,,
20.9174,cmd,,,,,,-0.17994,-0.15300,,,
20.9175,status,,,,,,,,TRACKING,,
20.9522,target,1791287278701871872,0.13907,0.20896,0.003620,224.9564,,,,,
20.9696,cmd,,,,,,-0.20860,-0.16717,,,
20.9697,status,,,,,,,,TRACKING,,
20.9828,target,1791287278735229696,0.15468,0.22472,0.003776,224.9536,,,,,
21.0163,target,1791287278768587520,0.16652,0.24088,0.003822,224.9537,,,,,
21.0185,cmd,,,,,,-0.24978,-0.19270,,,
21.0186,status,,,,,,,,TRACKING,,
21.0307,joint,,,,,,,,,0.75932,0.31753
21.0518,target,1791287278801945088,0.17789,0.25293,0.003913,224.9559,,,,,
21.0678,cmd,,,,,,-0.26683,-0.20235,,,
21.0679,status,,,,,,,,TRACKING,,
21.0801,target,1791287278835302912,0.18877,0.26347,0.003989,224.9508,,,,,
21.1157,target,1791287278868660736,0.19775,0.27190,0.004017,224.9531,,,,,
21.1178,cmd,,,,,,-0.29663,-0.21752,,,
21.1179,status,,,,,,,,TRACKING,,
21.1528,target,1791287278902018560,0.20342,0.27840,0.004080,224.9568,,,,,
21.1687,cmd,,,,,,-0.30514,-0.22272,,,
21.1688,status,,,,,,,,TRACKING,,
21.1818,target,1791287278935376128,0.20666,0.28380,0.004093,224.9524,,,,,
21.2158,target,1791287278968734208,0.21002,0.29031,0.004091,224.9531,,,,,
21.2178,cmd,,,,,,-0.31502,-0.23225,,,
21.2179,status,,,,,,,,TRACKING,,
21.2525,target,1791287279002091776,0.21381,0.29315,0.004067,224.9565,,,,,
21.2694,cmd,,,,,,-0.32072,-0.23452,,,
21.2695,status,,,,,,,,TRACKING,,
21.2828,target,1791287279035449600,0.21637,0.29964,0.004188,224.9534,,,,,
21.3169,target,1791287279068807424,0.21771,0.30441,0.004247,224.9542,,,,,
21.3176,cmd,,,,,,-0.32455,-0.23971,,,
21.3178,status,,,,,,,,TRACKING,,
21.3522,target,1791287279102164736,0.21696,0.31065,0.004375,224.9561,,,,,
21.3684,cmd,,,,,,-0.32543,-0.24852,,,
21.3686,status,,,,,,,,TRACKING,,
21.3835,target,1791287279135522048,0.21336,0.31297,0.004776,224.9540,,,,,
21.4173,target,1791287279168879104,0.21089,0.32446,0.005063,224.9545,,,,,
21.4176,cmd,,,,,,-0.32004,-0.25038,,,
21.4177,status,,,,,,,,TRACKING,,
21.4516,target,1791287279202236672,0.20767,0.32854,0.005291,224.9554,,,,,
21.4692,cmd,,,,,,-0.31151,-0.26283,,,
21.4693,status,,,,,,,,TRACKING,,
21.4844,target,1791287279235593728,0.20660,0.33445,0.005412,224.9548,,,,,
21.5158,target,1791287279268951040,0.20361,0.33762,0.005497,224.9529,,,,,
21.5179,cmd,,,,,,-0.30541,-0.27010,,,
21.5180,status,,,,,,,,TRACKING,,
21.5489,joint,,,,,,,,,0.67955,0.23470
21.5508,target,1791287279302308352,0.20134,0.34205,0.005649,224.9546,,,,,
21.5694,cmd,,,,,,-0.30201,-0.27364,,,
21.5695,status,,,,,,,,TRACKING,,
21.5813,target,1791287279335665408,0.19738,0.34627,0.005660,224.9517,,,,,
21.6163,target,1791287279369022720,0.19422,0.34461,0.005699,224.9533,,,,,
21.6174,cmd,,,,,,-0.29608,-0.27702,,,
21.6175,status,,,,,,,,TRACKING,,
21.6530,target,1791287279402379776,0.18980,0.33676,0.005697,224.9567,,,,,
21.6697,cmd,,,,,,-0.28470,-0.26941,,,
21.6698,status,,,,,,,,TRACKING,,
21.6840,target,1791287279435737344,0.18521,0.32514,0.005755,224.9543,,,,,
21.7170,target,1791287279469094400,0.17925,0.30593,0.005712,224.9539,,,,,
21.7178,cmd,,,,,,-0.27781,-0.26011,,,
21.7180,status,,,,,,,,TRACKING,,
21.7529,target,1791287279502451712,0.17301,0.28368,0.005677,224.9565,,,,,
21.7685,cmd,,,,,,-0.25952,-0.22695,,,
21.7701,status,,,,,,,,TRACKING,,
21.7837,target,1791287279535808768,0.16489,0.25823,0.005636,224.9539,,,,,
21.8172,target,1791287279569166080,0.15697,0.22745,0.005818,224.9541,,,,,
21.8175,cmd,,,,,,-0.24733,-0.20658,,,
21.8177,status,,,,,,,,TRACKING,,
21.8542,target,1791287279602523392,0.14970,0.19630,0.005786,224.9577,,,,,
21.8681,cmd,,,,,,-0.22456,-0.15704,,,
21.8683,status,,,,,,,,TRACKING,,
21.8827,target,1791287279635880704,0.14465,0.16491,0.006029,224.9529,,,,,
21.9179,cmd,,,,,,-0.21697,-0.13193,,,
21.9186,target,1791287279669237760,0.14034,0.13546,0.006029,224.9554,,,,,
21.9187,status,,,,,,,,TRACKING,,
21.9532,target,1791287279702595072,0.13410,0.11008,0.006183,224.9566,,,,,
21.9685,cmd,,,,,,-0.20115,-0.08806,,,
21.9688,status,,,,,,,,TRACKING,,
21.9838,target,1791287279735952128,0.12843,0.09219,0.006246,224.9539,,,,,
22.0159,target,1791287279769309440,0.12461,0.07941,0.006450,224.9527,,,,,
22.0181,cmd,,,,,,-0.18692,-0.06353,,,
22.0182,status,,,,,,,,TRACKING,,
22.0517,target,1791287279802666496,0.12529,0.07153,0.006452,224.9550,,,,,
22.0692,cmd,,,,,,-0.18793,-0.05723,,,
22.0707,status,,,,,,,,TRACKING,,
22.0856,target,1791287279836023808,0.12938,0.06818,0.006506,224.9557,,,,,
22.0882,joint,,,,,,,,,0.52769,0.10584
22.1167,target,1791287279869380864,0.13626,0.06866,0.006445,224.9534,,,,,
22.1176,cmd,,,,,,-0.19408,-0.05455,,,
22.1177,status,,,,,,,,TRACKING,,
22.1538,target,1791287279902737920,0.14413,0.07068,0.006452,224.9571,,,,,
22.1685,cmd,,,,,,-0.21620,-0.05654,,,
22.1687,status,,,,,,,,TRACKING,,
22.1833,target,1791287279936095232,0.15110,0.07375,0.006428,224.9532,,,,,
22.2196,target,1791287279969452288,0.15863,0.08174,0.006745,224.9562,,,,,
22.2197,cmd,,,,,,-0.22665,-0.05900,,,
22.2198,status,,,,,,,,TRACKING,,
22.2545,target,1791287280002809600,0.16357,0.08609,0.006912,224.9577,,,,,
22.2697,cmd,,,,,,-0.24535,-0.06887,,,
22.2698,status,,,,,,,,TRACKING,,
22.2877,target,1791287280036166656,0.16647,0.09064,0.007010,224.9576,,,,,
22.3187,cmd,,,,,,-0.24971,-0.07252,,,
22.3188,status,,,,,,,,TRACKING,,
22.3190,target,1791287280069523968,0.16774,0.08199,0.007122,224.9556,,,,,
22.3612,target,1791287280102881792,0.16747,0.07381,0.007153,224.9643,,,,,
22.3720,cmd,,,,,,-0.25120,-0.05905,,,
22.3721,status,,,,,,,,TRACKING,,
22.3942,target,1791287280136239616,0.16812,0.05919,0.007361,224.9640,,,,,
22.4198,cmd,,,,,,-0.25218,-0.04735,,,
22.4201,status,,,,,,,,TRACKING,,
22.4274,target,1791287280169597440,0.17339,0.04775,0.007520,224.9638,,,,,
22.4604,target,1791287280202955264,0.18558,0.04246,0.007585,224.9635,,,,,
22.4704,cmd,,,,,,-0.27837,0.00000,,,
22.4711,status,,,,,,,,TRACKING,,
22.4910,target,1791287280236313088,0.21193,0.04948,0.007431,224.9608,,,,,
22.5188,cmd,,,,,,-0.31790,0.00000,,,
22.5195,status,,,,,,,,TRACKING,,
22.5240,target,1791287280269670912,0.25329,0.06295,0.007409,224.9603,,,,,
22.5596,target,1791287280303028480,0.30302,0.07366,0.007444,224.9626,,,,,
22.5690,cmd,,,,,,-0.45453,-0.05893,,,
22.5691,status,,,,,,,,TRACKING,,
22.5898,target,1791287280336386560,0.35662,0.08450,0.007576,224.9595,,,,,
22.6196,cmd,,,,,,-0.53493,-0.06760,,,
22.6197,status,,,,,,,,TRACKING,,
22.6220,target,1791287280369744384,0.40680,0.08004,0.007741,224.9583,,,,,
22.6537,target,1791287280403102208,0.45809,0.06796,0.007431,224.9566,,,,,
22.6686,cmd,,,,,,-0.60000,-0.05437,,,
22.6687,status,,,,,,,,TRACKING,,
22.6842,target,1791287280436460032,0.50703,0.05107,0.007246,224.9537,,,,,
22.7178,cmd,,,,,,-0.60000,-0.04086,,,
22.7179,status,,,,,,,,TRACKING,,
22.7186,target,1791287280469817856,0.55633,0.02134,0.006682,224.9549,,,,,
22.7550,target,1791287280503175680,0.60338,-0.00885,0.006560,224.9578,,,,,
22.7681,cmd,,,,,,-0.60000,0.00000,,,
22.7682,status,,,,,,,,TRACKING,,
22.7831,target,1791287280536533760,0.64477,-0.04973,0.006257,224.9526,,,,,
22.8177,target,1791287280569891584,0.67739,-0.08688,0.005796,224.9539,,,,,
22.8178,cmd,,,,,,-0.60000,0.00000,,,
22.8179,status,,,,,,,,TRACKING,,
22.8549,target,1791287280603249152,0.70542,-0.13587,0.005571,224.9577,,,,,
22.8686,cmd,,,,,,-0.60000,0.10869,,,
22.8687,status,,,,,,,,TRACKING,,
22.8837,target,1791287280636607232,0.73492,-0.18296,0.006033,224.9532,,,,,
22.9187,target,1791287280669965056,0.75762,-0.23039,0.005948,224.9548,,,,,
22.9188,cmd,,,,,,-0.60000,0.14637,,,
22.9188,status,,,,,,,,TRACKING,,
22.9545,target,1791287280703322880,0.77951,-0.27210,0.005809,224.9572,,,,,
22.9685,cmd,,,,,,-0.60000,0.21768,,,
22.9687,status,,,,,,,,TRACKING,,
22.9831,target,1791287280736680960,0.80267,-0.31433,0.006055,224.9524,,,,,
23.0178,target,1791287280770038784,0.82146,-0.35778,0.006131,224.9538,,,,,
23.0179,cmd,,,,,,-0.60000,0.25147,,,
23.0180,status,,,,,,,,TRACKING,,
23.0525,target,1791287280803396608,0.84214,-0.39884,0.005898,224.9551,,,,,
23.0696,cmd,,,,,,-0.60000,0.31907,,,
23.0697,status,,,,,,,,TRACKING,,
23.0863,target,1791287280836754688,0.86255,-0.43855,0.006029,224.9556,,,,,
23.1174,target,1791287280870112512,0.88221,-0.47876,0.006074,224.9533,,,,,
23.1177,cmd,,,,,,-0.60000,0.35084,,,
23.1178,status,,,,,,,,TRACKING,,
23.1505,target,1791287280903470336,0.89727,-0.51939,0.005877,224.9531,,,,,
23.1697,cmd,,,,,,-0.60000,0.40000,,,
23.1698,status,,,,,,,,TRACKING,,
23.1874,target,1791287280936828672,0.91158,-0.56417,0.005855,224.9566,,,,,
23.2179,cmd,,,,,,-0.60000,0.40000,,,
23.2180,status,,,,,,,,TRACKING,,
23.2188,target,1791287280970186496,0.92285,-0.61598,0.005948,224.9546,,,,,
23.2542,target,1791287281003544320,0.93454,-0.65521,0.005653,224.9567,,,,,
23.2689,cmd,,,,,,-0.60000,0.40000,,,
23.2690,status,,,,,,,,TRACKING,,
23.2834,target,1791287281036902400,0.93773,-0.69717,0.005163,224.9525,,,,,
23.3176,target,1791287281070260224,0.93811,-0.73145,0.004651,224.9534,,,,,
23.3177,cmd,,,,,,-0.60000,0.40000,,,
23.3178,status,,,,,,,,TRACKING,,
23.3547,target,1791287281103618048,0.94144,-0.75976,0.005089,224.9571,,,,,
23.3690,cmd,,,,,,-0.60000,0.40000,,,
23.3691,status,,,,,,,,TRACKING,,
23.3840,target,1791287281136976128,0.94020,-0.77434,0.004175,224.9531,,,,,
23.4171,target,1791287281170333952,0.93822,-0.79687,0.003921,224.9528,,,,,
23.4173,cmd,,,,,,-0.60000,0.40000,,,
23.4174,status,,,,,,,,TRACKING,,
23.4537,target,1791287281203691776,0.93501,-0.81090,0.002830,224.9561,,,,,
23.4699,cmd,,,,,,-0.60000,0.40000,,,
23.4700,status,,,,,,,,TRACKING,,
23.4868,target,1791287281237049600,0.92959,-0.85245,0.002700,224.9558,,,,,
23.5182,target,1791287281270407424,0.92635,-0.90683,0.002745,224.9538,,,,,
23.5185,cmd,,,,,,-0.60000,0.40000,,,
23.5189,status,,,,,,,,TRACKING,,
23.5536,target,1791287281303765504,0.90792,-0.93855,0.001788,224.9559,,,,,
23.5709,cmd,,,,,,-0.60000,0.40000,,,
23.5717,status,,,,,,,,TRACKING,,
23.5868,target,1791287281337123328,0.00000,0.00000,0.000000,224.9557,,,,,
23.6173,target,1791287281370481152,0.00000,0.00000,0.000000,224.9529,,,,,
23.6185,cmd,,,,,,0.00000,0.00000,,,
23.6187,status,,,,,,,,LOST,,
23.6519,target,1791287281403839232,0.00000,0.00000,0.000000,224.9541,,,,,
23.6710,cmd,,,,,,0.00000,0.00000,,,
23.6716,status,,,,,,,,LOST,,
23.6870,target,1791287281437197056,0.00000,0.00000,0.000000,224.9558,,,,,
23.7190,target,1791287281470554880,0.61979,-0.93696,0.001615,224.9545,,,,,
23.7191,cmd,,,,,,0.00000,0.00000,,,
23.7194,status,,,,,,,,LOST,,
23.7545,target,1791287281503912960,0.55274,-0.86442,0.003099,224.9566,,,,,
23.7704,cmd,,,,,,0.00000,0.00000,,,
23.7706,status,,,,,,,,LOST,,
23.7857,target,1791287281537270784,0.49314,-0.67407,0.003698,224.9545,,,,,
23.8191,target,1791287281570628608,0.45245,-0.51734,0.004373,224.9545,,,,,
23.8192,cmd,,,,,,-0.60000,0.40000,,,
23.8194,status,,,,,,,,TRACKING,,
23.8539,target,1791287281603986688,0.42142,-0.39284,0.004583,224.9560,,,,,
23.8711,cmd,,,,,,-0.60000,0.31427,,,
23.8714,status,,,,,,,,TRACKING,,
23.8871,target,1791287281637344512,0.39748,-0.30692,0.005200,224.9558,,,,,
23.9191,target,1791287281670702336,0.38407,-0.26429,0.005280,224.9544,,,,,
23.9192,cmd,,,,,,-0.59622,0.24553,,,
23.9195,status,,,,,,,,TRACKING,,
23.9547,target,1791287281704060416,0.37093,-0.24290,0.005026,224.9566,,,,,
23.9705,cmd,,,,,,-0.55639,0.19432,,,
23.9708,status,,,,,,,,TRACKING,,
23.9861,target,1791287281737418240,0.35002,-0.23141,0.001955,224.9547,,,,,
24.0173,target,1791287281770776064,0.00000,0.00000,0.000000,224.9526,,,,,
24.0186,cmd,,,,,,-0.52503,0.18513,,,
24.0189,status,,,,,,,,TRACKING,,
24.0524,target,1791287281804134144,0.00000,0.00000,0.000000,224.9543,,,,,
24.0710,cmd,,,,,,0.00000,0.00000,,,
24.0717,status,,,,,,,,LOST,,
24.0842,target,1791287281837491968,0.00000,0.00000,0.000000,224.9528,,,,,
24.1181,target,1791287281870849792,0.00000,0.00000,0.000000,224.9533,,,,,
24.1189,cmd,,,,,,0.00000,0.00000,,,
24.1191,status,,,,,,,,LOST,,
24.1527,target,1791287281904207872,0.00000,0.00000,0.000000,224.9545,,,,,
24.1701,cmd,,,,,,0.00000,0.00000,,,
24.1704,status,,,,,,,,LOST,,
24.1833,target,1791287281937565696,0.00000,0.00000,0.000000,224.9518,,,,,
24.2181,target,1791287281970923520,0.00000,0.00000,0.000000,224.9532,,,,,
24.2189,cmd,,,,,,0.00000,0.00000,,,
24.2192,status,,,,,,,,LOST,,
24.2525,target,1791287282004281600,0.00000,0.00000,0.000000,224.9543,,,,,
24.2711,cmd,,,,,,0.00000,0.00000,,,
24.2715,status,,,,,,,,LOST,,
24.2861,target,1791287282037639424,0.00000,0.00000,0.000000,224.9545,,,,,
24.3195,target,1791287282070997248,0.00000,0.00000,0.000000,224.9545,,,,,
24.3196,cmd,,,,,,0.00000,0.00000,,,
24.3198,status,,,,,,,,LOST,,
24.3548,target,1791287282104355584,0.00000,0.00000,0.000000,224.9565,,,,,
24.3699,cmd,,,,,,0.00000,0.00000,,,
24.3705,status,,,,,,,,LOST,,
24.3842,target,1791287282137713664,0.00000,0.00000,0.000000,224.9525,,,,,
24.4173,target,1791287282171072000,0.00000,0.00000,0.000000,224.9523,,,,,
24.4185,cmd,,,,,,0.00000,0.00000,,,
24.4187,status,,,,,,,,LOST,,
24.4541,target,1791287282204430080,0.14372,-0.11764,0.002120,224.9557,,,,,
24.4696,cmd,,,,,,0.00000,0.00000,,,
24.4700,status,,,,,,,,LOST,,
24.4839,target,1791287282237788416,0.12928,-0.08672,0.002541,224.9521,,,,,
24.5190,cmd,,,,,,0.00000,0.00000,,,
24.5202,target,1791287282271146496,0.10327,-0.04157,0.002778,224.9551,,,,,
24.5203,status,,,,,,,,LOST,,
24.5564,target,1791287282304504576,0.07743,0.02174,0.003179,224.9579,,,,,
24.5700,cmd,,,,,,-0.11614,0.00000,,,
24.5703,status,,,,,,,,TRACKING,,
24.5868,target,1791287282337862912,0.05789,0.10783,0.003331,224.9550,,,,,
24.6191,cmd,,,,,,-0.08684,-0.08626,,,
24.6194,target,1791287282371220992,0.04425,0.23275,0.003401,224.9542,,,,,
24.6195,status,,,,,,,,TRACKING,,
24.6563,target,1791287282404579072,0.04346,0.36689,0.003496,224.9577,,,,,
24.6706,cmd,,,,,,0.00000,-0.29351,,,
24.6709,status,,,,,,,,TRACKING,,
24.6872,target,1791287282437937408,0.05314,0.49695,0.003511,224.9553,,,,,
24.7188,target,1791287282471295744,0.07015,0.61411,0.003416,224.9535,,,,,
24.7189,cmd,,,,,,-0.07972,-0.39756,,,
24.7193,status,,,,,,,,TRACKING,,
24.7569,target,1791287282504653824,0.09571,0.71567,0.003336,224.9583,,,,,
24.7706,cmd,,,,,,-0.14356,-0.40000,,,
24.7708,status,,,,,,,,TRACKING,,
24.7871,target,1791287282538011904,0.12564,0.78936,0.003407,224.9551,,,,,
24.8192,target,1791287282571370240,0.15174,0.82689,0.003390,224.9539,,,,,
24.8193,cmd,,,,,,-0.18846,-0.40000,,,
24.8195,status,,,,,,,,TRACKING,,
24.8548,target,1791287282604728576,0.17155,0.83418,0.003149,224.9561,,,,,
24.8711,cmd,,,,,,-0.25733,-0.40000,,,
24.8715,status,,,,,,,,TRACKING,,
24.8872,target,1791287282638086656,0.18608,0.82548,0.002867,224.9551,,,,,
24.9191,cmd,,,,,,-0.27912,-0.40000,,,
24.9198,target,1791287282671444992,0.19483,0.80712,0.002611,224.9544,,,,,
24.9199,status,,,,,,,,TRACKING,,
24.9557,target,1791287282704803328,0.19801,0.78410,0.002372,224.9570,,,,,
24.9711,cmd,,,,,,-0.29702,-0.40000,,,
24.9715,status,,,,,,,,TRACKING,,
24.9882,target,1791287282738161408,0.19694,0.76004,0.002172,224.9561,,,,,
25.0191,cmd,,,,,,-0.29540,-0.40000,,,
25.0195,status,,,,,,,,TRACKING,,
25.0198,target,1791287282771519744,0.19201,0.73498,0.002051,224.9543,,,,,
25.0560,target,1791287282804877824,0.18476,0.70986,0.001973,224.9572,,,,,
25.0705,cmd,,,,,,-0.27714,-0.40000,,,
25.0709,status,,,,,,,,TRACKING,,
25.0872,target,1791287282838236416,0.17390,0.68722,0.001905,224.9550,,,,,
25.1191,target,1791287282871594496,0.16308,0.67104,0.001806,224.9535,,,,,
25.1192,cmd,,,,,,-0.26085,-0.40000,,,
25.1194,status,,,,,,,,TRACKING,,
25.1567,target,1791287282904952832,0.15181,0.65865,0.001834,224.9578,,,,,
25.1703,cmd,,,,,,-0.22771,-0.40000,,,
25.1707,status,,,,,,,,TRACKING,,
25.1871,target,1791287282938310912,0.14223,0.65311,0.001784,224.9548,,,,,
25.2197,cmd,,,,,,-0.21335,-0.40000,,,
25.2198,status,,,,,,,,TRACKING,,
25.2201,target,1791287282971669504,0.13300,0.65017,0.001838,224.9544,,,,,
25.2586,target,1791287283005027584,0.12493,0.65113,0.001903,224.9596,,,,,
25.2700,cmd,,,,,,-0.18740,-0.40000,,,
25.2705,status,,,,,,,,TRACKING,,
25.2862,target,1791287283038385920,0.11947,0.65732,0.001890,224.9539,,,,,
25.3190,cmd,,,,,,-0.17921,-0.40000,,,
25.3197,status,,,,,,,,TRACKING,,
25.3200,target,1791287283071744256,0.11409,0.66183,0.001973,224.9543,,,,,
25.3567,target,1791287283105101312,0.11033,0.66806,0.001984,224.9577,,,,,
25.3707,cmd,,,,,,-0.16550,-0.40000,,,
25.3711,status,,,,,,,,TRACKING,,
25.3877,target,1791287283138458624,0.10655,0.66932,0.002010,224.9553,,,,,
25.4190,target,1791287283171815936,0.10346,0.67042,0.002072,224.9532,,,,,
25.4191,cmd,,,,,,-0.15983,-0.40000,,,
25.4193,status,,,,,,,,TRACKING,,
25.4566,target,1791287283205172992,0.10223,0.66817,0.002079,224.9575,,,,,
25.4709,cmd,,,,,,-0.15335,-0.40000,,,
25.4713,status,,,,,,,,TRACKING,,
25.4878,target,1791287283238530304,0.10255,0.66602,0.002129,224.9554,,,,,
25.5188,cmd,,,,,,-0.15382,-0.40000,,,
25.5198,status,,,,,,,,TRACKING,,
25.5211,target,1791287283271887360,0.10347,0.66160,0.002101,224.9553,,,,,
25.5555,target,1791287283305244672,0.10504,0.65724,0.002146,224.9563,,,,,
25.5708,cmd,,,,,,-0.15756,-0.40000,,,
25.5711,status,,,,,,,,TRACKING,,
25.5869,target,1791287283338601728,0.10760,0.64589,0.002159,224.9543,,,,,
25.6191,cmd,,,,,,-0.16139,-0.40000,,,
25.6194,status,,,,,,,,TRACKING,,
25.6198,target,1791287283371959040,0.11142,0.63783,0.002105,224.9538,,,,,
25.6569,target,1791287283405316096,0.11343,0.62754,0.002116,224.9577,,,,,
25.6705,cmd,,,,,,-0.17014,-0.40000,,,
25.6708,status,,,,,,,,TRACKING,,
25.6875,target,1791287283438673408,0.11712,0.61820,0.002086,224.9548,,,,,
25.7189,cmd,,,,,,-0.17568,-0.40000,,,
25.7199,status,,,,,,,,TRACKING,,
25.7208,target,1791287283472030720,0.12095,0.61152,0.002142,224.9548,,,,,
25.7556,target,1791287283505388032,0.12513,0.60227,0.002144,224.9563,,,,,
25.7710,cmd,,,,,,-0.18769,-0.40000,,,
25.7714,status,,,,,,,,TRACKING,,
25.7870,target,1791287283538745088,0.12817,0.59655,0.002099,224.9543,,,,,
25.8189,cmd,,,,,,-0.19226,-0.40000,,,
25.8196,status,,,,,,,,TRACKING,,
25.8203,target,1791287283572102400,0.13146,0.59172,0.002103,224.9543,,,,,
25.8562,target,1791287283605459456,0.13372,0.58969,0.002188,224.9568,,,,,
25.8709,cmd,,,,,,-0.20058,-0.40000,,,
25.8713,status,,,,,,,,TRACKING,,
25.8872,target,1791287283638816768,0.13420,0.58531,0.002161,224.9544,,,,,
25.9184,target,1791287283672173824,0.13361,0.58398,0.002196,224.9523,,,,,
25.9187,cmd,,,,,,-0.20131,-0.40000,,,
25.9191,status,,,,,,,,TRACKING,,
25.9561,target,1791287283705530880,0.13158,0.57997,0.002157,224.9567,,,,,
25.9707,cmd,,,,,,-0.19737,-0.40000,,,
25.9714,status,,,,,,,,TRACKING,,
25.9881,target,1791287283738888192,0.12911,0.57593,0.002142,224.9553,,,,,
26.0189,cmd,,,,,,-0.19366,-0.40000,,,
26.0198,status,,,,,,,,TRACKING,,
26.0210,target,1791287283772245248,0.12514,0.57279,0.002131,224.9548,,,,,
26.0563,target,1791287283805602560,0.12224,0.57133,0.002218,224.9567,,,,,
26.0708,cmd,,,,,,-0.18336,-0.40000,,,
26.0711,status,,,,,,,,TRACKING,,
26.0879,target,1791287283838959616,0.12091,0.56917,0.002237,224.9550,,,,,
26.1190,cmd,,,,,,-0.18137,-0.40000,,,
26.1198,status,,,,,,,,TRACKING,,
26.1201,target,1791287283872316928,0.11953,0.56723,0.002231,224.9538,,,,,
26.1542,target,1791287283905673728,0.11802,0.56485,0.002250,224.9546,,,,,
26.1714,cmd,,,,,,-0.17703,-0.40000,,,
26.1730,status,,,,,,,,TRACKING,,
26.1897,target,1791287283939031040,0.11548,0.56267,0.002198,224.9567,,,,,
26.2190,cmd,,,,,,-0.17322,-0.40000,,,
26.2198,status,,,,,,,,TRACKING,,
26.2201,target,1791287283972388096,0.11437,0.55924,0.002218,224.9538,,,,,
26.2576,target,1791287284005745408,0.11209,0.55590,0.002207,224.9579,,,,,
26.2708,cmd,,,,,,-0.16813,-0.40000,,,
26.2712,status,,,,,,,,TRACKING,,
26.2871,target,1791287284039102464,0.10815,0.55545,0.002233,224.9541,,,,,
26.3188,cmd,,,,,,-0.16223,-0.40000,,,
26.3197,status,,,,,,,,TRACKING,,
26.3218,target,1791287284072459776,0.10456,0.55026,0.002214,224.9554,,,,,
26.3567,target,1791287284105817600,0.09979,0.54669,0.002233,224.9569,,,,,
26.3722,cmd,,,,,,-0.14969,-0.40000,,,
26.3726,status,,,,,,,,TRACKING,,
26.3884,target,1791287284139175424,0.09603,0.54458,0.002161,224.9552,,,,,
26.4190,cmd,,,,,,-0.14404,-0.40000,,,
26.4198,status,,,,,,,,TRACKING,,
26.4208,target,1791287284172533504,0.09200,0.54373,0.002183,224.9543,,,,,
26.4550,target,1791287284205891072,0.08758,0.54600,0.002146,224.9552,,,,,
26.4712,cmd,,,,,,-0.13137,-0.40000,,,
26.4715,status,,,,,,,,TRACKING,,
26.4870,target,1791287284239248896,0.08291,0.54973,0.002183,224.9538,,,,,
26.5190,cmd,,,,,,-0.12436,-0.40000,,,
26.5197,status,,,,,,,,TRACKING,,
26.5214,target,1791287284272606976,0.07679,0.55509,0.002209,224.9549,,,,,
26.5557,target,1791287284305964800,0.07022,0.56169,0.002177,224.9557,,,,,
26.5723,cmd,,,,,,-0.10534,-0.40000,,,
26.5726,status,,,,,,,,TRACKING,,
26.5881,target,1791287284339322880,0.06305,0.56544,0.002181,224.9548,,,,,
26.6191,cmd,,,,,,-0.09458,-0.40000,,,
26.6194,target,1791287284372680704,0.05539,0.56997,0.002170,224.9528,,,,,
26.6195,status,,,,,,,,TRACKING,,
26.6547,target,1791287284406038528,0.04800,0.57334,0.002151,224.9547,,,,,
26.6720,cmd,,,,,,0.00000,-0.40000,,,
26.6723,status,,,,,,,,TRACKING,,
26.6880,target,1791287284439396608,0.04188,0.57466,0.002116,224.9547,,,,,
26.7190,cmd,,,,,,0.00000,-0.40000,,,
26.7198,status,,,,,,,,TRACKING,,
26.7207,target,1791287284472754432,0.03649,0.57600,0.002222,224.9540,,,,,
26.7572,target,1791287284506112256,0.03458,0.57637,0.002198,224.9571,,,,,
26.7718,cmd,,,,,,0.00000,-0.40000,,,
26.7721,status,,,,,,,,TRACKING,,
26.7880,target,1791287284539470336,0.03507,0.57676,0.002233,224.9545,,,,,
26.8193,cmd,,,,,,0.00000,-0.40000,,,
26.8197,target,1791287284572828160,0.03769,0.57627,0.002253,224.9529,,,,,
26.8198,status,,,,,,,,TRACKING,,
26.8544,target,1791287284606185984,0.04173,0.57499,0.002257,224.9542,,,,,
26.8726,cmd,,,,,,0.00000,-0.40000,,,
26.8730,status,,,,,,,,TRACKING,,
26.8881,target,1791287284639544064,0.04421,0.57161,0.002279,224.9546,,,,,
26.9189,cmd,,,,,,0.00000,-0.40000,,,
26.9199,status,,,,,,,,TRACKING,,
26.9209,target,1791287284672901888,0.04611,0.56763,0.002246,224.9540,,,,,
26.9575,target,1791287284706259712,0.04622,0.56505,0.002211,224.9572,,,,,
26.9714,cmd,,,,,,0.00000,-0.40000,,,
26.9718,status,,,,,,,,TRACKING,,
26.9877,target,1791287284739617792,0.04448,0.56341,0.002174,224.9542,,,,,
27.0191,cmd,,,,,,0.00000,-0.40000,,,
27.0199,status,,,,,,,,TRACKING,,
27.0218,target,1791287284772975616,0.04188,0.56218,0.002122,224.9549,,,,,
27.0565,target,1791287284806333440,0.03931,0.56270,0.002055,224.9562,,,,,
27.0717,cmd,,,,,,0.00000,-0.40000,,,
27.0720,status,,,,,,,,TRACKING,,
27.0879,target,1791287284839691520,0.03723,0.56645,0.002042,224.9542,,,,,
