t,src,ex,ey,area,age,pan_cmd,tilt_cmd,status,pan_pos,tilt_pos
1.9203,cmd,,,,,0.00000,0.00000,,,
1.9475,target,0.03960,-0.03097,0.006029,380.4382,,,,,
1.9686,cmd,,,,,0.00000,0.00000,,,
1.9690,status,,,,,,,CENTERED,,
1.9811,target,0.03934,-0.03417,0.006026,380.4384,,,,,
2.0105,target,0.03891,-0.03573,0.005994,380.4345,,,,,
2.0218,cmd,,,,,0.00000,0.00000,,,
2.0219,status,,,,,,,CENTERED,,
2.0484,target,0.03849,-0.03920,0.005979,380.4391,,,,,
2.0691,cmd,,,,,0.00000,0.00000,,,
2.0715,status,,,,,,,CENTERED,,
2.0770,target,0.03785,-0.04153,0.005944,380.4343,,,,,
2.1118,target,0.03701,-0.04471,0.005985,380.4357,,,,,
2.1216,cmd,,,,,0.00000,0.00000,,,
2.1217,status,,,,,,,CENTERED,,
2.1454,target,0.03656,-0.04802,0.005944,380.4359,,,,,
2.1685,cmd,,,,,0.00000,0.00000,,,
2.1686,status,,,,,,,CENTERED,,
2.1785,target,0.03645,-0.04926,0.005938,380.4357,,,,,
2.2099,target,0.03647,-0.05304,0.005955,380.4337,,,,,
2.2195,cmd,,,,,0.00000,0.04243,,,
2.2204,status,,,,,,,TRACKING,,
2.2482,target,0.03634,-0.05476,0.005938,380.4387,,,,,
2.2693,cmd,,,,,0.00000,0.04381,,,
2.2694,status,,,,,,,TRACKING,,
2.2776,target,0.03602,-0.05564,0.005955,380.4347,,,,,
2.3114,target,0.03581,-0.05603,0.005953,380.4352,,,,,
2.3185,cmd,,,,,0.00000,0.04483,,,
2.3195,status,,,,,,,TRACKING,,
2.3472,target,0.03556,-0.05590,0.005994,380.4376,,,,,
2.3686,cmd,,,,,0.00000,0.04472,,,
2.3692,status,,,,,,,TRACKING,,
2.3782,target,0.03574,-0.05392,0.005974,380.4353,,,,,
2.3804,joint,,,,,,,,0.10278,0.09051
2.4106,target,0.03572,-0.05141,0.006003,380.4343,,,,,
2.4186,cmd,,,,,0.00000,0.04113,,,
2.4194,status,,,,,,,TRACKING,,
2.4483,target,0.03558,-0.04873,0.005972,380.4387,,,,,
2.4686,cmd,,,,,0.00000,0.00000,,,
2.4699,status,,,,,,,CENTERED,,
2.4782,target,0.03573,-0.04745,0.005961,380.4352,,,,,
2.5118,target,0.03531,-0.04795,0.006000,380.4354,,,,,
2.5184,cmd,,,,,0.00000,0.00000,,,
2.5185,status,,,,,,,CENTERED,,
2.5461,target,0.03513,-0.04628,0.006037,380.4364,,,,,
2.5686,cmd,,,,,0.00000,0.00000,,,
2.5709,status,,,,,,,CENTERED,,
2.5780,target,0.03529,-0.04466,0.006033,380.4349,,,,,
2.6111,target,0.03569,-0.04392,0.005996,380.4346,,,,,
2.6184,cmd,,,,,0.00000,0.00000,,,
2.6185,status,,,,,,,CENTERED,,
2.6473,target,0.03608,-0.04390,0.006000,380.4375,,,,,
2.6706,cmd,,,,,0.00000,0.00000,,,
2.6707,status,,,,,,,CENTERED,,
2.6783,target,0.03651,-0.04226,0.005970,380.4351,,,,,
2.7109,target,0.03673,-0.04018,0.005979,380.4343,,,,,
2.7186,cmd,,,,,0.00000,0.00000,,,
2.7188,status,,,,,,,CENTERED,,
2.7485,target,0.03653,-0.04017,0.005996,380.4386,,,,,
2.7684,cmd,,,,,0.00000,0.00000,,,
2.7708,status,,,,,,,CENTERED,,
2.7789,target,0.03647,-0.04208,0.005972,380.4357,,,,,
2.8091,target,0.03614,-0.04356,0.005981,380.4325,,,,,
2.8205,cmd,,,,,0.00000,0.00000,,,
2.8206,status,,,,,,,CENTERED,,
2.8479,target,0.03568,-0.04433,0.005977,380.4379,,,,,
2.8685,cmd,,,,,0.00000,0.00000,,,
2.8686,status,,,,,,,CENTERED,,
2.8794,target,0.03545,-0.04658,0.005953,380.4361,,,,,
2.9002,joint,,,,,,,,0.10278,0.09051
2.9103,target,0.03527,-0.04762,0.005957,380.4336,,,,,
2.9186,cmd,,,,,0.00000,0.00000,,,
2.9187,status,,,,,,,CENTERED,,
2.9482,target,0.03468,-0.05199,0.005929,380.4381,,,,,
2.9686,cmd,,,,,0.00000,0.04159,,,
2.9687,status,,,,,,,TRACKING,,
2.9797,target,0.03408,-0.05282,0.005959,380.4363,,,,,
3.0117,target,0.03324,-0.05406,0.005957,380.4349,,,,,
3.0184,cmd,,,,,0.00000,0.04325,,,
3.0185,status,,,,,,,TRACKING,,
3.0473,target,0.03286,-0.05631,0.005929,380.4372,,,,,
3.0686,cmd,,,,,0.00000,0.04505,,,
3.0687,status,,,,,,,TRACKING,,
3.0791,target,0.03292,-0.05858,0.005970,380.4357,,,,,
3.1098,target,0.03308,-0.06007,0.005977,380.4329,,,,,
3.1186,cmd,,,,,0.00000,0.04806,,,
3.1187,status,,,,,,,TRACKING,,
3.1470,target,0.03419,-0.06229,0.005931,380.4368,,,,,
3.1688,cmd,,,,,0.00000,0.04983,,,
3.1689,status,,,,,,,TRACKING,,
3.1813,target,0.03540,-0.06461,0.005979,380.4378,,,,,
3.2110,target,0.03551,-0.06445,0.005961,380.4341,,,,,
3.2185,cmd,,,,,0.00000,0.05156,,,
3.2186,status,,,,,,,TRACKING,,
3.2472,target,0.03494,-0.06418,0.006003,380.4370,,,,,
3.2686,cmd,,,,,0.00000,0.05134,,,
3.2713,status,,,,,,,TRACKING,,
3.2777,target,0.03257,-0.06381,0.006007,380.4341,,,,,
3.3116,target,0.02871,-0.06426,0.006076,380.4346,,,,,
3.3184,cmd,,,,,0.00000,0.05141,,,
3.3185,status,,,,,,,TRACKING,,
3.3471,target,0.02315,-0.06060,0.006007,380.4368,,,,,
3.3686,cmd,,,,,0.00000,0.04848,,,
3.3689,status,,,,,,,TRACKING,,
3.3788,target,0.01629,-0.05580,0.006055,380.4351,,,,,
3.4118,target,0.00903,-0.04736,0.006029,380.4347,,,,,
3.4182,cmd,,,,,0.00000,0.00000,,,
3.4183,status,,,,,,,CENTERED,,
3.4250,joint,,,,,,,,0.10278,0.09664
3.4470,target,0.00126,-0.03627,0.006168,380.4366,,,,,
3.4685,cmd,,,,,0.00000,0.00000,,,
3.4686,status,,,,,,,CENTERED,,
3.4786,target,-0.00703,-0.02934,0.006213,380.4349,,,,,
3.5120,target,-0.01644,-0.02581,0.006189,380.4349,,,,,
3.5186,cmd,,,,,0.00000,0.00000,,,
3.5189,status,,,,,,,CENTERED,,
3.5484,target,-0.02780,-0.01960,0.006254,380.4380,,,,,
3.5685,cmd,,,,,0.00000,0.00000,,,
3.5686,status,,,,,,,CENTERED,,
3.5789,target,-0.04124,-0.01967,0.006274,380.4351,,,,,
3.6119,target,-0.05639,-0.01934,0.006380,380.4347,,,,,
3.6183,cmd,,,,,0.14097,0.00000,,,
3.6185,status,,,,,,,TRACKING,,
3.6488,target,-0.07344,-0.01416,0.006450,380.4382,,,,,
3.6686,cmd,,,,,0.18359,0.00000,,,
3.6689,status,,,,,,,TRACKING,,
3.6808,target,-0.09262,-0.01177,0.006589,380.4369,,,,,
3.7131,target,-0.11336,-0.00656,0.006695,380.4359,,,,,
3.7184,cmd,,,,,0.28341,0.00000,,,
3.7185,status,,,,,,,TRACKING,,
3.7471,target,-0.13429,-0.00839,0.006858,380.4365,,,,,
3.7686,cmd,,,,,0.33573,0.00000,,,
3.7689,status,,,,,,,TRACKING,,
3.7812,target,-0.15580,-0.00098,0.007010,380.4373,,,,,
3.8119,target,-0.17824,-0.00220,0.007131,380.4345,,,,,
3.8185,cmd,,,,,0.44560,0.00000,,,
3.8186,status,,,,,,,TRACKING,,
3.8483,target,-0.20045,0.00517,0.007352,380.4376,,,,,
3.8686,cmd,,,,,0.50112,0.00000,,,
3.8695,status,,,,,,,TRACKING,,
3.8786,target,-0.21931,0.00589,0.007502,380.4346,,,,,
3.9132,target,-0.24124,0.01077,0.007524,380.4359,,,,,
3.9185,cmd,,,,,0.60000,0.00000,,,
3.9188,status,,,,,,,TRACKING,,
3.9208,joint,,,,,,,,0.11198,0.09971
3.9481,target,-0.26369,0.00737,0.007951,380.4374,,,,,
3.9687,cmd,,,,,0.60000,0.00000,,,
3.9689,status,,,,,,,TRACKING,,
3.9798,target,-0.28338,-0.00272,0.008210,380.4357,,,,,
4.0104,target,-0.30155,-0.01404,0.008598,380.4330,,,,,
4.0193,cmd,,,,,0.60000,0.00000,,,
4.0201,status,,,,,,,TRACKING,,
4.0489,target,-0.31859,-0.03103,0.008932,380.4381,,,,,
4.0687,cmd,,,,,0.60000,0.00000,,,
4.0687,status,,,,,,,TRACKING,,
4.0794,target,-0.33299,-0.04600,0.009321,380.4352,,,,,
4.1134,target,-0.34574,-0.06186,0.009666,380.4359,,,,,
4.1183,cmd,,,,,0.60000,0.04949,,,
4.1184,status,,,,,,,TRACKING,,
4.1456,target,-0.35681,-0.07676,0.009907,380.4347,,,,,
4.1686,cmd,,,,,0.60000,0.06141,,,
4.1687,status,,,,,,,TRACKING,,
4.1796,target,-0.36704,-0.09382,0.010184,380.4354,,,,,
4.2163,target,-0.37448,-0.10949,0.010516,380.4387,,,,,
4.2185,cmd,,,,,0.60000,0.08759,,,
4.2186,status,,,,,,,TRACKING,,
4.2467,target,-0.38089,-0.11748,0.010807,380.4358,,,,,
4.2686,cmd,,,,,0.60000,0.09398,,,
4.2705,status,,,,,,,TRACKING,,
4.2817,target,-0.38655,-0.12557,0.011107,380.4374,,,,,
4.3119,target,-0.38945,-0.13396,0.011421,380.4343,,,,,
4.3183,cmd,,,,,0.60000,0.10717,,,
4.3184,status,,,,,,,TRACKING,,
4.3497,target,-0.39355,-0.13866,0.011895,380.4387,,,,,
4.3686,cmd,,,,,0.60000,0.11093,,,
4.3689,status,,,,,,,TRACKING,,
4.3798,target,-0.39958,-0.13147,0.012337,380.4354,,,,,
4.4121,target,-0.40684,-0.11848,0.012721,380.4344,,,,,
4.4184,cmd,,,,,0.60000,0.09479,,,
4.4185,status,,,,,,,TRACKING,,
4.4413,joint,,,,,,,,0.31753,0.10431
4.4477,target,-0.41224,-0.11213,0.013062,380.4366,,,,,
4.4687,cmd,,,,,0.60000,0.08970,,,
4.4703,status,,,,,,,TRACKING,,
4.4786,target,-0.41655,-0.10437,0.013227,380.4342,,,,,
4.5147,target,-0.41941,-0.10016,0.013140,380.4369,,,,,
4.5183,cmd,,,,,0.60000,0.08013,,,
4.5184,status,,,,,,,TRACKING,,
4.5468,target,-0.42069,-0.08961,0.012977,380.4357,,,,,
4.5703,cmd,,,,,0.60000,0.07169,,,
4.5704,status,,,,,,,TRACKING,,
4.5794,target,-0.41580,-0.08176,0.012999,380.4348,,,,,
4.6130,target,-0.40625,-0.07544,0.012852,380.4351,,,,,
4.6184,cmd,,,,,0.60000,0.06035,,,
4.6186,status,,,,,,,TRACKING,,
4.6477,target,-0.39725,-0.06823,0.012678,380.4365,,,,,
4.6685,cmd,,,,,0.60000,0.05459,,,
4.6686,status,,,,,,,TRACKING,,
4.6818,target,-0.38599,-0.06096,0.012452,380.4372,,,,,
4.7124,target,-0.37115,-0.04875,0.012276,380.4345,,,,,
4.7184,cmd,,,,,0.60000,0.00000,,,
4.7185,status,,,,,,,TRACKING,,
4.7481,target,-0.35283,-0.03221,0.012292,380.4368,,,,,
4.7684,cmd,,,,,0.60000,0.00000,,,
4.7705,status,,,,,,,TRACKING,,
4.7799,target,-0.33574,-0.02142,0.012348,380.4352,,,,,
4.8135,target,-0.32131,-0.01194,0.012652,380.4355,,,,,
4.8182,cmd,,,,,0.60000,0.00000,,,
4.8183,status,,,,,,,TRACKING,,
4.8475,target,-0.30679,0.00101,0.012402,380.4361,,,,,
4.8685,cmd,,,,,0.60000,0.00000,,,
4.8686,status,,,,,,,TRACKING,,
4.8824,target,-0.29627,0.00388,0.012246,380.4377,,,,,
4.9113,target,-0.28901,0.00070,0.012029,380.4332,,,,,
4.9187,cmd,,,,,0.60000,0.00000,,,
4.9189,status,,,,,,,TRACKING,,
4.9474,target,-0.27929,-0.00254,0.011895,380.4359,,,,,
4.9638,joint,,,,,,,,0.62280,0.13039
4.9686,cmd,,,,,0.60000,0.00000,,,
4.9688,status,,,,,,,TRACKING,,
4.9796,target,-0.26841,-0.00815,0.011610,380.4347,,,,,
5.0137,target,-0.25759,-0.01206,0.011749,380.4355,,,,,
5.0183,cmd,,,,,0.60000,0.00000,,,
5.0184,status,,,,,,,TRACKING,,
5.0479,target,-0.25375,-0.01863,0.011519,380.4363,,,,,
5.0686,cmd,,,,,0.60000,0.00000,,,
5.0706,status,,,,,,,TRACKING,,
5.0821,target,-0.24905,-0.02605,0.011363,380.4372,,,,,
5.1130,target,-0.23826,-0.02263,0.011089,380.4348,,,,,
5.1183,cmd,,,,,0.59566,0.00000,,,
5.1193,status,,,,,,,TRACKING,,
5.1488,target,-0.22615,-0.02214,0.010773,380.4372,,,,,
5.1686,cmd,,,,,0.56537,0.00000,,,
5.1687,status,,,,,,,TRACKING,,
5.1826,target,-0.21091,-0.01663,0.010451,380.4376,,,,,
5.2122,target,-0.19544,-0.01539,0.010297,380.4339,,,,,
5.2182,cmd,,,,,0.48861,0.00000,,,
5.2183,status,,,,,,,TRACKING,,
5.2488,target,-0.17928,-0.00734,0.010456,380.4371,,,,,
5.2686,cmd,,,,,0.44821,0.00000,,,
5.2687,status,,,,,,,TRACKING,,
5.2818,target,-0.16432,-0.00318,0.010304,380.4367,,,,,
5.3131,target,-0.14926,-0.00383,0.010061,380.4347,,,,,
5.3183,cmd,,,,,0.37315,0.00000,,,
5.3184,status,,,,,,,TRACKING,,
5.3483,target,-0.13533,-0.00146,0.009883,380.4365,,,,,
5.3686,cmd,,,,,0.33832,0.00000,,,
5.3687,status,,,,,,,TRACKING,,
5.3795,target,-0.12051,0.00198,0.009848,380.4344,,,,,
5.4139,target,-0.10905,0.00556,0.009735,380.4355,,,,,
5.4185,cmd,,,,,0.27262,0.00000,,,
5.4186,status,,,,,,,TRACKING,,
5.4492,target,-0.09930,0.01187,0.009371,380.4374,,,,,
5.4638,joint,,,,,,,,0.91885,0.12732
5.4686,cmd,,,,,0.24824,0.00000,,,
5.4688,status,,,,,,,TRACKING,,
5.4793,target,-0.08910,0.01937,0.009032,380.4341,,,,,
5.5138,target,-0.07857,0.02403,0.008958,380.4353,,,,,
5.5183,cmd,,,,,0.19641,0.00000,,,
5.5184,status,,,,,,,TRACKING,,
5.5494,target,-0.06733,0.02599,0.008752,380.4375,,,,,
5.5686,cmd,,,,,0.16832,0.00000,,,
5.5687,status,,,,,,,TRACKING,,
5.5815,target,-0.05633,0.02838,0.008620,380.4363,,,,,
5.6140,target,-0.04559,0.03008,0.008277,380.4354,,,,,
5.6185,cmd,,,,,0.00000,0.00000,,,
5.6188,status,,,,,,,CENTERED,,
5.6477,target,-0.03669,0.03225,0.008294,380.4357,,,,,
5.6685,cmd,,,,,0.00000,0.00000,,,
5.6686,status,,,,,,,CENTERED,,
5.6796,target,-0.02789,0.03593,0.008181,380.4343,,,,,
5.7144,target,-0.01870,0.03907,0.008095,380.4357,,,,,
5.7183,cmd,,,,,0.00000,0.00000,,,
5.7184,status,,,,,,,CENTERED,,
5.7482,target,-0.00936,0.04262,0.007888,380.4362,,,,,
5.7686,cmd,,,,,0.00000,0.00000,,,
5.7704,status,,,,,,,CENTERED,,
5.7833,target,-0.00053,0.04281,0.007847,380.4379,,,,,
5.8133,target,0.00574,0.04238,0.007904,380.4346,,,,,
5.8183,cmd,,,,,0.00000,0.00000,,,
5.8184,status,,,,,,,CENTERED,,
5.8494,target,0.01061,0.03990,0.007789,380.4373,,,,,
5.8686,cmd,,,,,0.00000,0.00000,,,
5.8687,status,,,,,,,CENTERED,,
5.8833,target,0.01240,0.04239,0.007871,380.4378,,,,,
5.9155,target,0.01100,0.04395,0.007873,380.4367,,,,,
5.9183,cmd,,,,,0.00000,0.00000,,,
5.9184,status,,,,,,,CENTERED,,
5.9490,target,0.00775,0.04446,0.007758,380.4368,,,,,
5.9618,joint,,,,,,,,1.04311,0.12732
5.9686,cmd,,,,,0.00000,0.00000,,,
5.9687,status,,,,,,,CENTERED,,
5.9830,target,0.00307,0.04392,0.007567,380.4375,,,,,
6.0140,target,-0.00294,0.04358,0.007582,380.4351,,,,,
6.0183,cmd,,,,,0.00000,0.00000,,,
6.0184,status,,,,,,,CENTERED,,
6.0478,target,-0.01011,0.03809,0.007691,380.4356,,,,,
6.0686,cmd,,,,,0.00000,0.00000,,,
6.0687,status,,,,,,,CENTERED,,
6.0819,target,-0.01729,0.03424,0.007639,380.4363,,,,,
6.1143,target,-0.02423,0.03217,0.007572,380.4353,,,,,
6.1182,cmd,,,,,0.00000,0.00000,,,
6.1182,status,,,,,,,CENTERED,,
6.1494,target,-0.02902,0.03319,0.007296,380.4371,,,,,
6.1688,cmd,,,,,0.00000,0.00000,,,
6.1690,status,,,,,,,CENTERED,,
6.1833,target,-0.03469,0.02804,0.007359,380.4376,,,,,
6.2144,target,-0.03699,0.03042,0.007218,380.4353,,,,,
6.2183,cmd,,,,,0.00000,0.00000,,,
6.2186,status,,,,,,,CENTERED,,
6.2494,target,-0.03725,0.02929,0.007105,380.4370,,,,,
6.2685,cmd,,,,,0.00000,0.00000,,,
6.2688,status,,,,,,,CENTERED,,
6.2821,target,-0.03895,0.02555,0.007094,380.4363,,,,,
6.3123,target,-0.04123,0.02377,0.007289,380.4331,,,,,
6.3184,cmd,,,,,0.00000,0.00000,,,
6.3185,status,,,,,,,CENTERED,,
6.3476,target,-0.04084,0.02557,0.007352,380.4351,,,,,
6.3685,cmd,,,,,0.00000,0.00000,,,
6.3695,status,,,,,,,CENTERED,,
6.3818,target,-0.04109,0.02622,0.007357,380.4360,,,,,
6.4135,target,-0.04176,0.02651,0.007279,380.4342,,,,,
6.4184,cmd,,,,,0.00000,0.00000,,,
6.4185,status,,,,,,,CENTERED,,
6.4486,target,-0.04522,0.02379,0.007155,380.4360,,,,,
6.4686,cmd,,,,,0.00000,0.00000,,,
6.4687,status,,,,,,,CENTERED,,
6.4796,target,-0.04924,0.02662,0.006853,380.4337,,,,,
6.4801,joint,,,,,,,,1.01550,0.12732
6.5153,target,-0.05640,0.02739,0.006688,380.4360,,,,,
6.5182,cmd,,,,,0.14101,0.00000,,,
6.5183,status,,,,,,,TRACKING,,
6.5485,target,-0.06371,0.02733,0.006417,380.4358,,,,,
6.5685,cmd,,,,,0.15927,0.00000,,,
6.5686,status,,,,,,,TRACKING,,
6.5796,target,-0.07138,0.02562,0.006222,380.4336,,,,,
6.6147,target,-0.07957,0.02372,0.006224,380.4353,,,,,
6.6183,cmd,,,,,0.19894,0.00000,,,
6.6184,status,,,,,,,TRACKING,,
6.6487,target,-0.08738,0.02097,0.006128,380.4359,,,,,
6.6686,cmd,,,,,0.21845,0.00000,,,
6.6687,status,,,,,,,TRACKING,,
6.6829,target,-0.09645,0.01990,0.006141,380.4368,,,,,
6.7140,target,-0.10577,0.01958,0.006066,380.4346,,,,,
6.7183,cmd,,,,,0.26443,0.00000,,,
6.7184,status,,,,,,,TRACKING,,
6.7498,target,-0.11540,0.01641,0.006079,380.4370,,,,,
6.7685,cmd,,,,,0.28850,0.00000,,,
6.7686,status,,,,,,,TRACKING,,
6.7832,target,-0.12451,0.01747,0.005990,380.4371,,,,,
6.8145,target,-0.13039,0.01574,0.006057,380.4350,,,,,
6.8182,cmd,,,,,0.32597,0.00000,,,
6.8183,status,,,,,,,TRACKING,,
6.8493,target,-0.13187,0.01540,0.005933,380.4364,,,,,
6.8684,cmd,,,,,0.32967,0.00000,,,
6.8704,status,,,,,,,TRACKING,,
6.8831,target,-0.13243,0.01566,0.005911,380.4369,,,,,
6.9139,target,-0.12951,0.01948,0.005907,380.4343,,,,,
6.9181,cmd,,,,,0.32376,0.00000,,,
6.9193,status,,,,,,,TRACKING,,
6.9486,target,-0.12251,0.02211,0.005814,380.4357,,,,,
6.9685,cmd,,,,,0.30628,0.00000,,,
6.9696,status,,,,,,,TRACKING,,
6.9805,joint,,,,,,,,1.03851,0.12732
6.9833,target,-0.11007,0.02941,0.005762,380.4370,,,,,
7.0136,target,-0.09311,0.03135,0.005781,380.4339,,,,,
7.0183,cmd,,,,,0.23277,0.00000,,,
7.0184,status,,,,,,,TRACKING,,
7.0491,target,-0.06862,0.03666,0.005799,380.4360,,,,,
7.0686,cmd,,,,,0.17154,0.00000,,,
7.0689,status,,,,,,,TRACKING,,
7.0820,target,-0.03819,0.03948,0.005933,380.4356,,,,,
7.1144,target,-0.00348,0.03541,0.006217,380.4347,,,,,
7.1181,cmd,,,,,0.00000,0.00000,,,
7.1182,status,,,,,,,CENTERED,,
7.1482,target,0.03480,0.03211,0.006630,380.4351,,,,,
7.1686,cmd,,,,,0.00000,0.00000,,,
7.1687,status,,,,,,,CENTERED,,
7.1824,target,0.07747,0.02934,0.007168,380.4359,,,,,
7.2153,target,0.12340,0.02527,0.007593,380.4355,,,,,
7.2183,cmd,,,,,-0.30850,0.00000,,,
7.2184,status,,,,,,,TRACKING,,
7.2497,target,0.16978,0.02417,0.007988,380.4365,,,,,
7.2686,cmd,,,,,-0.42446,0.00000,,,
7.2687,status,,,,,,,TRACKING,,
7.2832,target,0.21667,0.02129,0.008487,380.4366,,,,,
7.3148,target,0.26295,0.01670,0.009089,380.4349,,,,,
7.3182,cmd,,,,,-0.60000,0.00000,,,
7.3183,status,,,,,,,TRACKING,,
7.3494,target,0.30617,0.01291,0.009648,380.4362,,,,,
7.3686,cmd,,,,,-0.60000,0.00000,,,
7.3687,status,,,,,,,TRACKING,,
7.3825,target,0.34838,0.00872,0.010002,380.4359,,,,,
7.4142,target,0.38756,0.00419,0.010410,380.4342,,,,,
7.4183,cmd,,,,,-0.60000,0.00000,,,
7.4184,status,,,,,,,TRACKING,,
7.4492,target,0.42437,0.00571,0.010703,380.4359,,,,,
7.4686,cmd,,,,,-0.60000,0.00000,,,
7.4687,status,,,,,,,TRACKING,,
7.4805,joint,,,,,,,,1.10447,0.12732
7.4834,target,0.45712,0.00409,0.011443,380.4367,,,,,
7.5153,target,0.48968,0.00287,0.011803,380.4353,,,,,
7.5182,cmd,,,,,-0.60000,0.00000,,,
7.5183,status,,,,,,,TRACKING,,
7.5491,target,0.52126,-0.00278,0.012546,380.4357,,,,,
7.5686,cmd,,,,,-0.60000,0.00000,,,
7.5689,status,,,,,,,TRACKING,,
7.5831,target,0.54965,-0.00447,0.012867,380.4363,,,,,
7.6155,target,0.57282,-0.00706,0.013342,380.4354,,,,,
7.6182,cmd,,,,,-0.60000,0.00000,,,
7.6183,status,,,,,,,TRACKING,,
7.6495,target,0.59332,-0.00629,0.013945,380.4360,,,,,
7.6687,cmd,,,,,-0.60000,0.00000,,,
7.6707,status,,,,,,,TRACKING,,
7.6837,target,0.61067,-0.01294,0.014175,380.4368,,,,,
7.7151,target,0.62276,-0.02582,0.014121,380.4349,,,,,
7.7183,cmd,,,,,-0.60000,0.00000,,,
7.7184,status,,,,,,,TRACKING,,
7.7494,target,0.63319,-0.03837,0.014136,380.4358,,,,,
7.7686,cmd,,,,,-0.60000,0.00000,,,
7.7687,status,,,,,,,TRACKING,,
7.7835,target,0.64228,-0.05081,0.013574,380.4366,,,,,
7.8144,target,0.65272,-0.06215,0.013186,380.4341,,,,,
7.8183,cmd,,,,,-0.60000,0.04972,,,
7.8184,status,,,,,,,TRACKING,,
7.8503,target,0.66194,-0.07476,0.013045,380.4366,,,,,
7.8686,cmd,,,,,-0.60000,0.05981,,,
7.8688,status,,,,,,,TRACKING,,
7.8835,target,0.67524,-0.08223,0.012984,380.4365,,,,,
7.9165,target,0.68828,-0.08662,0.012839,380.4362,,,,,
7.9187,cmd,,,,,-0.60000,0.06930,,,
7.9188,status,,,,,,,TRACKING,,
7.9497,target,0.69665,-0.09692,0.012604,380.4360,,,,,
7.9686,cmd,,,,,-0.60000,0.07754,,,
7.9700,status,,,,,,,TRACKING,,
7.9841,target,0.70434,-0.11207,0.012554,380.4370,,,,,
8.0012,joint,,,,,,,,0.84369,0.12732
8.0163,target,0.71239,-0.11826,0.012201,380.4360,,,,,
8.0186,cmd,,,,,-0.60000,0.09461,,,
8.0188,status,,,,,,,TRACKING,,
8.0498,target,0.71980,-0.12529,0.012127,380.4360,,,,,
8.0685,cmd,,,,,-0.60000,0.10023,,,
8.0704,status,,,,,,,TRACKING,,
8.0836,target,0.72388,-0.13342,0.012146,380.4365,,,,,
8.1139,target,0.72666,-0.13105,0.012153,380.4334,,,,,
8.1183,cmd,,,,,-0.60000,0.10484,,,
8.1183,status,,,,,,,TRACKING,,
8.1500,target,0.72772,-0.12384,0.012112,380.4362,,,,,
8.1700,cmd,,,,,-0.60000,0.09907,,,
8.1701,status,,,,,,,TRACKING,,
8.1836,target,0.72223,-0.11619,0.011986,380.4364,,,,,
8.2168,target,0.71313,-0.11039,0.011884,380.4363,,,,,
8.2188,cmd,,,,,-0.60000,0.08831,,,
8.2189,status,,,,,,,TRACKING,,
8.2496,target,0.70169,-0.10359,0.011749,380.4357,,,,,
8.2685,cmd,,,,,-0.60000,0.08287,,,
8.2694,status,,,,,,,TRACKING,,
8.2838,target,0.68909,-0.10285,0.011680,380.4365,,,,,
8.3166,target,0.67719,-0.09749,0.011712,380.4360,,,,,
8.3187,cmd,,,,,-0.60000,0.07799,,,
8.3189,status,,,,,,,TRACKING,,
8.3503,target,0.66962,-0.09491,0.011753,380.4363,,,,,
8.3686,cmd,,,,,-0.60000,0.07593,,,
8.3687,status,,,,,,,TRACKING,,
8.3854,target,0.66497,-0.09191,0.011678,380.4380,,,,,
8.4158,target,0.66089,-0.09554,0.011710,380.4351,,,,,
8.4184,cmd,,,,,-0.60000,0.07643,,,
8.4185,status,,,,,,,TRACKING,,
8.4501,target,0.65722,-0.09632,0.011721,380.4360,,,,,
8.4686,cmd,,,,,-0.60000,0.07706,,,
8.4689,status,,,,,,,TRACKING,,
8.4836,target,0.65254,-0.09670,0.011706,380.4361,,,,,
8.5164,target,0.64823,-0.09435,0.011649,380.4356,,,,,
8.5183,cmd,,,,,-0.60000,0.07548,,,
8.5184,status,,,,,,,TRACKING,,
8.5200,joint,,,,,,,,0.53843,0.15493
8.5508,target,0.64213,-0.08720,0.011554,380.4367,,,,,
8.5684,cmd,,,,,-0.60000,0.06976,,,
8.5695,status,,,,,,,TRACKING,,
8.5832,target,0.63330,-0.07911,0.011441,380.4358,,,,,
8.6162,target,0.62043,-0.07370,0.011304,380.4354,,,,,
8.6184,cmd,,,,,-0.60000,0.05896,,,
8.6185,status,,,,,,,TRACKING,,
8.6489,target,0.60594,-0.06472,0.011363,380.4347,,,,,
8.6686,cmd,,,,,-0.60000,0.05177,,,
8.6688,status,,,,,,,TRACKING,,
8.6827,target,0.59121,-0.05278,0.011339,380.4352,,,,,
8.7139,target,0.57404,-0.03914,0.011217,380.4330,,,,,
8.7184,cmd,,,,,-0.60000,0.00000,,,
8.7185,status,,,,,,,TRACKING,,
8.7500,target,0.55447,-0.02550,0.011243,380.4357,,,,,
8.7686,cmd,,,,,-0.60000,0.00000,,,
8.7687,status,,,,,,,TRACKING,,
8.7853,target,0.53485,-0.01231,0.011270,380.4376,,,,,
8.8143,target,0.51574,0.00161,0.011144,380.4333,,,,,
8.8183,cmd,,,,,-0.60000,0.00000,,,
8.8185,status,,,,,,,TRACKING,,
8.8509,target,0.49764,0.01440,0.011089,380.4366,,,,,
8.8685,cmd,,,,,-0.60000,0.00000,,,
8.8686,status,,,,,,,TRACKING,,
8.8842,target,0.48185,0.02053,0.011020,380.4365,,,,,
8.9148,target,0.46671,0.03001,0.010855,380.4337,,,,,
8.9183,cmd,,,,,-0.60000,0.00000,,,
8.9184,status,,,,,,,TRACKING,,
8.9503,target,0.45210,0.03648,0.010796,380.4359,,,,,
8.9686,cmd,,,,,-0.60000,0.00000,,,
8.9687,status,,,,,,,TRACKING,,
8.9833,target,0.43975,0.04360,0.010751,380.4355,,,,,
9.0153,target,0.43102,0.04481,0.010534,380.4342,,,,,
9.0182,cmd,,,,,-0.60000,0.00000,,,
9.0183,status,,,,,,,TRACKING,,
9.0207,joint,,,,,,,,0.24544,0.17334
9.0500,target,0.41724,0.04813,0.010100,380.4356,,,,,
9.0688,cmd,,,,,-0.60000,0.00000,,,
9.0689,status,,,,,,,TRACKING,,
9.0853,target,0.40057,0.06079,0.010037,380.4375,,,,,
9.1147,target,0.38509,0.06519,0.009872,380.4335,,,,,
9.1184,cmd,,,,,-0.60000,-0.05215,,,
9.1185,status,,,,,,,TRACKING,,
9.1506,target,0.36670,0.07533,0.009687,380.4361,,,,,
9.1697,cmd,,,,,-0.60000,-0.06027,,,
9.1698,status,,,,,,,TRACKING,,
9.1861,target,0.34505,0.08208,0.009520,380.4381,,,,,
9.2151,target,0.32256,0.08525,0.009397,380.4339,,,,,
9.2182,cmd,,,,,-0.60000,-0.06820,,,
9.2184,status,,,,,,,TRACKING,,
9.2499,target,0.29927,0.08056,0.009342,380.4353,,,,,
9.2685,cmd,,,,,-0.60000,-0.06445,,,
9.2686,status,,,,,,,TRACKING,,
9.2836,target,0.27701,0.07721,0.009258,380.4356,,,,,
9.3149,target,0.25460,0.06919,0.009162,380.4336,,,,,
9.3183,cmd,,,,,-0.60000,-0.05535,,,
9.3184,status,,,,,,,TRACKING,,
9.3515,target,0.23313,0.05802,0.009286,380.4368,,,,,
9.3686,cmd,,,,,-0.58281,-0.04641,,,
9.3687,status,,,,,,,TRACKING,,
9.3833,target,0.21319,0.04373,0.009121,380.4353,,,,,
9.4160,target,0.19311,0.03002,0.009080,380.4346,,,,,
9.4182,cmd,,,,,-0.48278,0.00000,,,
9.4183,status,,,,,,,TRACKING,,
9.4520,target,0.17370,0.00983,0.009041,380.4372,,,,,
9.4700,cmd,,,,,-0.43425,0.00000,,,
9.4702,status,,,,,,,TRACKING,,
9.4836,target,0.15517,-0.00126,0.009201,380.4355,,,,,
9.5151,target,0.13747,-0.01457,0.009145,380.4337,,,,,
9.5182,cmd,,,,,-0.34367,0.00000,,,
9.5184,status,,,,,,,TRACKING,,
9.5202,joint,,,,,,,,-0.05369,0.16260
9.5512,target,0.11760,-0.02228,0.009062,380.4364,,,,,
9.5687,cmd,,,,,-0.29399,0.00000,,,
9.5688,status,,,,,,,TRACKING,,
9.5837,target,0.09587,-0.03231,0.009128,380.4355,,,,,
9.6169,target,0.07352,-0.03513,0.009164,380.4354,,,,,
9.6190,cmd,,,,,-0.18380,0.00000,,,
9.6191,status,,,,,,,TRACKING,,
9.6511,target,0.05272,-0.03535,0.009403,380.4362,,,,,
9.6686,cmd,,,,,-0.13180,0.00000,,,
9.6687,status,,,,,,,TRACKING,,
9.6835,target,0.03307,-0.03608,0.009520,380.4352,,,,,
9.7164,target,0.01264,-0.03211,0.009744,380.4347,,,,,
9.7186,cmd,,,,,0.00000,0.00000,,,
9.7187,status,,,,,,,CENTERED,,
9.7526,target,-0.00615,-0.02843,0.009950,380.4376,,,,,
9.7692,cmd,,,,,0.00000,0.00000,,,
9.7693,status,,,,,,,CENTERED,,
9.7865,target,-0.02345,-0.01838,0.010197,380.4381,,,,,
9.8170,target,-0.03563,-0.00639,0.010399,380.4353,,,,,
9.8191,cmd,,,,,0.00000,0.00000,,,
9.8194,status,,,,,,,CENTERED,,
9.8542,target,-0.04353,0.00245,0.010642,380.4392,,,,,
9.8685,cmd,,,,,0.00000,0.00000,,,
9.8686,status,,,,,,,CENTERED,,
9.8834,target,-0.04507,0.01312,0.010744,380.4350,,,,,
9.9185,target,-0.03904,0.02050,0.010577,380.4367,,,,,
9.9195,cmd,,,,,0.00000,0.00000,,,
9.9196,status,,,,,,,CENTERED,,
9.9514,target,-0.02712,0.02508,0.010354,380.4363,,,,,
9.9692,cmd,,,,,0.00000,0.00000,,,
9.9693,status,,,,,,,CENTERED,,
9.9860,target,-0.01238,0.02723,0.010273,380.4375,,,,,
10.0167,target,0.00268,0.03184,0.010117,380.4349,,,,,
10.0194,cmd,,,,,0.00000,0.00000,,,
10.0195,status,,,,,,,CENTERED,,
10.0202,joint,,,,,,,,-0.22243,0.16107
10.0521,target,0.01720,0.03529,0.010178,380.4369,,,,,
10.0690,cmd,,,,,0.00000,0.00000,,,
10.0692,status,,,,,,,CENTERED,,
10.0855,target,0.03138,0.03507,0.010041,380.4370,,,,,
10.1177,target,0.04455,0.03463,0.010017,380.4358,,,,,
10.1184,cmd,,,,,0.00000,0.00000,,,
10.1207,status,,,,,,,CENTERED,,
10.1525,target,0.05350,0.03315,0.010046,380.4372,,,,,
10.1686,cmd,,,,,-0.13376,0.00000,,,
10.1687,status,,,,,,,TRACKING,,
10.1840,target,0.06061,0.03289,0.010152,380.4354,,,,,
10.2171,target,0.06632,0.03544,0.010143,380.4351,,,,,
10.2193,cmd,,,,,-0.16579,0.00000,,,
10.2194,status,,,,,,,TRACKING,,
10.2526,target,0.06919,0.04691,0.010143,380.4372,,,,,
10.2685,cmd,,,,,-0.17297,0.00000,,,
10.2686,status,,,,,,,TRACKING,,
10.2835,target,0.07124,0.05954,0.010000,380.4348,,,,,
10.3164,target,0.06950,0.06372,0.010158,380.4344,,,,,
10.3185,cmd,,,,,-0.17375,-0.05098,,,
10.3186,status,,,,,,,TRACKING,,
10.3533,target,0.06499,0.06588,0.010072,380.4379,,,,,
10.3694,cmd,,,,,-0.16247,-0.05270,,,
10.3697,status,,,,,,,TRACKING,,
10.3879,target,0.05687,0.06789,0.010093,380.4392,,,,,
10.4165,target,0.04887,0.06796,0.010217,380.4343,,,,,
10.4185,cmd,,,,,0.00000,-0.05437,,,
10.4186,status,,,,,,,TRACKING,,
10.4530,target,0.04071,0.06556,0.010115,380.4375,,,,,
10.4691,cmd,,,,,0.00000,-0.05245,,,
10.4692,status,,,,,,,TRACKING,,
10.4853,target,0.03250,0.05998,0.010046,380.4364,,,,,
10.5186,target,0.02039,0.05601,0.010009,380.4364,,,,,
10.5187,cmd,,,,,0.00000,-0.04798,,,
10.5188,status,,,,,,,TRACKING,,
10.5402,joint,,,,,,,,-0.19788,0.15953
10.5542,target,0.00655,0.04799,0.010145,380.4386,,,,,
10.5685,cmd,,,,,0.00000,0.00000,,,
10.5688,status,,,,,,,CENTERED,,
10.5838,target,-0.00655,0.03561,0.010226,380.4349,,,,,
10.6196,target,-0.01847,0.02156,0.010525,380.4373,,,,,
10.6197,cmd,,,,,0.00000,0.00000,,,
10.6198,status,,,,,,,CENTERED,,
10.6531,target,-0.02870,0.01195,0.010849,380.4375,,,,,
10.6692,cmd,,,,,0.00000,0.00000,,,
10.6693,status,,,,,,,CENTERED,,
10.6881,target,-0.03495,0.00040,0.011039,380.4391,,,,,
10.7163,target,-0.04066,-0.00091,0.011124,380.4339,,,,,
10.7184,cmd,,,,,0.00000,0.00000,,,
10.7185,status,,,,,,,CENTERED,,
10.7540,target,-0.04643,0.00158,0.011348,380.4383,,,,,
10.7689,cmd,,,,,0.00000,0.00000,,,
10.7690,status,,,,,,,CENTERED,,
10.7855,target,-0.05343,0.01117,0.011461,380.4364,,,,,
10.8176,target,-0.05836,0.02702,0.011753,380.4351,,,,,
10.8185,cmd,,,,,0.13357,0.00000,,,
10.8186,status,,,,,,,TRACKING,,
10.8536,target,-0.05994,0.05796,0.011534,380.4378,,,,,
10.8704,cmd,,,,,0.14985,-0.04637,,,
10.8705,status,,,,,,,TRACKING,,
10.8850,target,-0.05766,0.09012,0.011673,380.4359,,,,,
10.9168,target,-0.05223,0.11626,0.011461,380.4343,,,,,
10.9192,cmd,,,,,0.13057,-0.09300,,,
10.9193,status,,,,,,,TRACKING,,
10.9536,target,-0.04356,0.13405,0.011270,380.4378,,,,,
10.9705,cmd,,,,,0.00000,-0.10724,,,
10.9706,status,,,,,,,TRACKING,,
10.9866,target,-0.03023,0.14319,0.010944,380.4374,,,,,
11.0175,target,-0.01549,0.15263,0.010794,380.4350,,,,,
11.0185,cmd,,,,,0.00000,-0.11456,,,
11.0195,status,,,,,,,TRACKING,,
11.0402,joint,,,,,,,,-0.19788,0.15340
11.0525,target,0.00036,0.15905,0.010558,380.4366,,,,,
11.0687,cmd,,,,,0.00000,-0.12724,,,
11.0689,status,,,,,,,TRACKING,,
11.0837,target,0.02036,0.16327,0.010360,380.4344,,,,,
11.1181,target,0.04362,0.16193,0.010319,380.4355,,,,,
11.1184,cmd,,,,,0.00000,-0.13062,,,
11.1186,status,,,,,,,TRACKING,,
11.1541,target,0.07040,0.15502,0.010033,380.4381,,,,,
11.1694,cmd,,,,,-0.17601,-0.12402,,,
11.1700,status,,,,,,,TRACKING,,
11.1851,target,0.09648,0.13963,0.009905,380.4358,,,,,
11.2185,target,0.12883,0.12154,0.010052,380.4358,,,,,
11.2195,cmd,,,,,-0.24119,-0.11171,,,
11.2196,status,,,,,,,TRACKING,,
11.2529,target,0.16391,0.10014,0.010473,380.4368,,,,,
11.2691,cmd,,,,,-0.40977,-0.08011,,,
11.2692,status,,,,,,,TRACKING,,
11.2838,target,0.20250,0.07807,0.010681,380.4344,,,,,
11.3172,target,0.24992,0.05102,0.010284,380.4344,,,,,
11.3193,cmd,,,,,-0.60000,-0.04082,,,
11.3194,status,,,,,,,TRACKING,,
11.3538,target,0.29654,0.01944,0.011011,380.4377,,,,,
11.3689,cmd,,,,,-0.60000,0.00000,,,
11.3690,status,,,,,,,TRACKING,,
11.3837,target,0.34455,-0.01013,0.011532,380.4343,,,,,
11.4160,target,0.39502,-0.04527,0.011788,380.4331,,,,,
11.4185,cmd,,,,,-0.60000,0.00000,,,
11.4186,status,,,,,,,TRACKING,,
11.4524,target,0.44526,-0.07973,0.012741,380.4362,,,,,
11.4701,cmd,,,,,-0.60000,0.06378,,,
11.4702,status,,,,,,,TRACKING,,
11.4866,target,0.49346,-0.10469,0.013216,380.4370,,,,,
11.5163,target,0.53993,-0.12049,0.013533,380.4334,,,,,
11.5183,cmd,,,,,-0.60000,0.09640,,,
11.5184,status,,,,,,,TRACKING,,
11.5403,joint,,,,,,,,-0.23470,0.12425
11.5531,target,0.58027,-0.12326,0.014755,380.4368,,,,,
11.5698,cmd,,,,,-0.60000,0.09861,,,
11.5701,status,,,,,,,TRACKING,,
11.5866,target,0.61675,-0.11468,0.014996,380.4370,,,,,
11.6188,target,0.63940,-0.11522,0.014705,380.4358,,,,,
11.6189,cmd,,,,,-0.60000,0.09175,,,
11.6190,status,,,,,,,TRACKING,,
11.6539,target,0.66044,-0.13818,0.018010,380.4375,,,,,
11.6695,cmd,,,,,-0.60000,0.11054,,,
11.6696,status,,,,,,,TRACKING,,
11.6851,target,0.67537,-0.14143,0.017682,380.4354,,,,,
11.7190,target,0.69524,-0.13668,0.017394,380.4360,,,,,
11.7191,cmd,,,,,-0.60000,0.11314,,,
11.7194,status,,,,,,,TRACKING,,
11.7531,target,0.70680,-0.12846,0.017556,380.4367,,,,,
11.7701,cmd,,,,,-0.60000,0.10277,,,
11.7721,status,,,,,,,TRACKING,,
11.7868,target,0.71028,-0.12236,0.017231,380.4370,,,,,
11.8159,target,0.71284,-0.11061,0.016348,380.4327,,,,,
11.8184,cmd,,,,,-0.60000,0.08849,,,
11.8185,status,,,,,,,TRACKING,,
11.8536,target,0.71564,-0.11226,0.015996,380.4371,,,,,
11.8704,cmd,,,,,-0.60000,0.08981,,,
11.8706,status,,,,,,,TRACKING,,
11.8875,target,0.71607,-0.11307,0.015401,380.4377,,,,,
11.9170,target,0.71765,-0.12253,0.014907,380.4338,,,,,
11.9191,cmd,,,,,-0.60000,0.09803,,,
11.9192,status,,,,,,,TRACKING,,
11.9550,target,0.72175,-0.13471,0.014086,380.4384,,,,,
11.9692,cmd,,,,,-0.60000,0.10777,,,
11.9711,status,,,,,,,TRACKING,,
11.9835,target,0.72728,-0.15033,0.014130,380.4336,,,,,
12.0210,target,0.73113,-0.15616,0.014049,380.4378,,,,,
12.0211,cmd,,,,,-0.60000,0.12026,,,
12.0214,status,,,,,,,TRACKING,,
12.0532,target,0.73810,-0.16337,0.014147,380.4366,,,,,
12.0609,joint,,,,,,,,-0.51388,0.14880
12.0707,cmd,,,,,-0.60000,0.13069,,,
12.0714,status,,,,,,,TRACKING,,
12.0890,target,0.74417,-0.16749,0.014154,380.4390,,,,,
12.1176,target,0.74962,-0.17117,0.014507,380.4342,,,,,
12.1184,cmd,,,,,-0.60000,0.13399,,,
12.1185,status,,,,,,,TRACKING,,
12.1542,target,0.75799,-0.18303,0.014492,380.4375,,,,,
12.1695,cmd,,,,,-0.60000,0.14642,,,
12.1705,status,,,,,,,TRACKING,,
12.1865,target,0.76678,-0.20237,0.015074,380.4364,,,,,
12.2170,target,0.77352,-0.21370,0.015612,380.4336,,,,,
12.2191,cmd,,,,,-0.60000,0.17096,,,
12.2192,status,,,,,,,TRACKING,,
12.2548,target,0.77873,-0.21984,0.016194,380.4380,,,,,
12.2699,cmd,,,,,-0.60000,0.17587,,,
12.2719,status,,,,,,,TRACKING,,
12.2864,target,0.78267,-0.22189,0.016456,380.4363,,,,,
12.3172,target,0.78453,-0.22154,0.016860,380.4337,,,,,
12.3183,cmd,,,,,-0.60000,0.17751,,,
12.3193,status,,,,,,,TRACKING,,
12.3547,target,0.78440,-0.22614,0.017444,380.4378,,,,,
12.3697,cmd,,,,,-0.60000,0.18091,,,
12.3698,status,,,,,,,TRACKING,,
12.3863,target,0.78416,-0.22313,0.018058,380.4361,,,,,
12.4196,target,0.78267,-0.21650,0.018435,380.4360,,,,,
12.4197,cmd,,,,,-0.60000,0.17850,,,
12.4198,status,,,,,,,TRACKING,,
12.4530,target,0.77959,-0.20098,0.018301,380.4361,,,,,
12.4699,cmd,,,,,-0.60000,0.16079,,,
12.4715,status,,,,,,,TRACKING,,
12.4851,target,0.77502,-0.18413,0.018279,380.4348,,,,,
12.5167,target,0.76805,-0.16292,0.017598,380.4330,,,,,
12.5186,cmd,,,,,-0.60000,0.13034,,,
12.5189,status,,,,,,,TRACKING,,
12.5548,target,0.75726,-0.15277,0.017285,380.4378,,,,,
12.5608,joint,,,,,,,,-0.81148,0.20402
12.5695,cmd,,,,,-0.60000,0.12222,,,
12.5698,status,,,,,,,TRACKING,,
12.5852,target,0.74370,-0.13151,0.016753,380.4348,,,,,
12.6179,target,0.72335,-0.09981,0.016265,380.4342,,,,,
12.6183,cmd,,,,,-0.60000,0.10521,,,
12.6184,status,,,,,,,TRACKING,,
12.6540,target,0.70031,-0.06225,0.015451,380.4369,,,,,
12.6701,cmd,,,,,-0.60000,0.04980,,,
12.6702,status,,,,,,,TRACKING,,
12.6851,target,0.67188,-0.01835,0.014816,380.4347,,,,,
12.7188,target,0.64421,0.01878,0.014251,380.4350,,,,,
12.7189,cmd,,,,,-0.60000,0.00000,,,
12.7190,status,,,,,,,TRACKING,,
12.7531,target,0.61371,0.05032,0.013841,380.4360,,,,,
12.7701,cmd,,,,,-0.60000,-0.04026,,,
12.7703,status,,,,,,,TRACKING,,
12.7850,target,0.58583,0.07261,0.013761,380.4345,,,,,
12.8175,target,0.55764,0.09474,0.013572,380.4336,,,,,
12.8186,cmd,,,,,-0.60000,-0.05809,,,
12.8187,status,,,,,,,TRACKING,,
12.8556,target,0.52974,0.10569,0.013665,380.4383,,,,,
12.8693,cmd,,,,,-0.60000,-0.08456,,,
12.8696,status,,,,,,,TRACKING,,
12.8836,target,0.50401,0.11639,0.013733,380.4330,,,,,
12.9190,cmd,,,,,-0.60000,-0.09311,,,
12.9194,status,,,,,,,TRACKING,,
12.9204,target,0.48170,0.11681,0.013869,380.4365,,,,,
12.9547,target,0.45937,0.11570,0.013885,380.4374,,,,,
12.9696,cmd,,,,,-0.60000,-0.09256,,,
12.9713,status,,,,,,,TRACKING,,
12.9857,target,0.43732,0.11778,0.014036,380.4350,,,,,
13.0184,target,0.41594,0.11705,0.013932,380.4344,,,,,
13.0185,cmd,,,,,-0.60000,-0.09423,,,
13.0186,status,,,,,,,TRACKING,,
13.0556,target,0.39502,0.12292,0.013876,380.4382,,,,,
13.0701,cmd,,,,,-0.60000,-0.09833,,,
13.0702,status,,,,,,,TRACKING,,
13.0805,joint,,,,,,,,-1.12441,0.24697
13.0869,target,0.37481,0.12500,0.013934,380.4362,,,,,
13.1204,target,0.35558,0.11987,0.013813,380.4363,,,,,
13.1205,cmd,,,,,-0.60000,-0.10000,,,
13.1205,status,,,,,,,TRACKING,,
13.1544,target,0.33600,0.10709,0.013615,380.4370,,,,,
13.1703,cmd,,,,,-0.60000,-0.08567,,,
13.1723,status,,,,,,,TRACKING,,
13.1876,target,0.31635,0.09571,0.013644,380.4368,,,,,
13.2196,target,0.29672,0.08341,0.013516,380.4354,,,,,
13.2197,cmd,,,,,-0.60000,-0.07657,,,
13.2198,status,,,,,,,TRACKING,,
13.2551,target,0.27573,0.06945,0.013444,380.4375,,,,,
13.2699,cmd,,,,,-0.60000,-0.05556,,,
13.2700,status,,,,,,,TRACKING,,
13.2865,target,0.25474,0.05619,0.013585,380.4356,,,,,
13.3196,target,0.23454,0.04404,0.013741,380.4353,,,,,
13.3197,cmd,,,,,-0.60000,-0.04495,,,
13.3198,status,,,,,,,TRACKING,,
13.3548,target,0.21652,0.03108,0.013783,380.4372,,,,,
13.3699,cmd,,,,,-0.54130,0.00000,,,
13.3700,status,,,,,,,TRACKING,,
13.3867,target,0.19855,0.01440,0.013665,380.4357,,,,,
13.4189,cmd,,,,,-0.49638,0.00000,,,
13.4190,status,,,,,,,TRACKING,,
13.4201,target,0.18113,0.00029,0.013765,380.4358,,,,,
13.4533,target,0.16508,-0.01182,0.013783,380.4357,,,,,
13.4708,cmd,,,,,-0.41270,0.00000,,,
13.4724,status,,,,,,,TRACKING,,
13.4871,target,0.14689,-0.02096,0.013887,380.4361,,,,,
13.5197,cmd,,,,,-0.36722,0.00000,,,
13.5198,status,,,,,,,TRACKING,,
13.5203,target,0.11951,0.07848,0.009427,380.4360,,,,,
13.5556,target,0.09790,0.07472,0.008943,380.4378,,,,,
13.5700,cmd,,,,,-0.24475,-0.05977,,,
13.5701,status,,,,,,,TRACKING,,
13.5866,target,0.07395,0.08348,0.008835,380.4355,,,,,
13.6019,joint,,,,,,,,-1.43581,0.22089
13.6188,cmd,,,,,-0.18486,-0.06678,,,
13.6204,target,0.05069,0.08794,0.008919,380.4359,,,,,
13.6205,status,,,,,,,TRACKING,,
13.6560,target,0.03002,0.09274,0.008993,380.4382,,,,,
13.6700,cmd,,,,,0.00000,-0.07420,,,
13.6724,status,,,,,,,TRACKING,,
13.6871,target,0.00891,0.09011,0.009097,380.4359,,,,,
13.7205,cmd,,,,,0.00000,-0.07209,,,
13.7206,status,,,,,,,TRACKING,,
13.7214,target,-0.00827,0.08508,0.009434,380.4368,,,,,
13.7551,target,-0.02398,0.07884,0.009829,380.4372,,,,,
13.7701,cmd,,,,,0.00000,-0.06307,,,
13.7710,status,,,,,,,TRACKING,,
13.7886,target,-0.03642,0.07003,0.009891,380.4373,,,,,
13.8187,cmd,,,,,0.00000,-0.05603,,,
13.8188,status,,,,,,,TRACKING,,
13.8191,target,-0.04399,0.05757,0.010456,380.4345,,,,,
13.8560,target,-0.04773,0.04585,0.011189,380.4380,,,,,
13.8693,cmd,,,,,0.00000,0.00000,,,
13.8694,status,,,,,,,CENTERED,,
13.8849,target,-0.05188,0.03389,0.011489,380.4336,,,,,
13.9225,target,-0.05287,0.02433,0.011749,380.4378,,,,,
13.9226,cmd,,,,,0.12970,0.00000,,,
13.9227,status,,,,,,,TRACKING,,
13.9540,target,-0.04910,0.00985,0.011769,380.4359,,,,,
13.9714,cmd,,,,,0.00000,0.00000,,,
13.9715,status,,,,,,,CENTERED,,
13.9892,target,-0.04439,0.00149,0.011899,380.4378,,,,,
14.0188,cmd,,,,,0.00000,0.00000,,,
14.0189,status,,,,,,,CENTERED,,
14.0197,target,-0.04007,-0.00289,0.011886,380.4349,,,,,
14.0562,target,-0.03421,-0.01702,0.012144,380.4381,,,,,
14.0692,cmd,,,,,0.00000,0.00000,,,
14.0693,status,,,,,,,CENTERED,,
14.0853,target,-0.02953,-0.02170,0.012344,380.4339,,,,,
14.1033,joint,,,,,,,,-1.55852,0.20709
14.1199,target,-0.02426,-0.03633,0.012587,380.4351,,,,,
14.1200,cmd,,,,,0.00000,0.00000,,,
14.1201,status,,,,,,,CENTERED,,
14.1533,target,-0.02005,-0.11849,0.016085,380.4351,,,,,
14.1714,cmd,,,,,0.00000,0.09479,,,
14.1725,status,,,,,,,TRACKING,,
14.1871,target,-0.01621,-0.12974,0.016270,380.4356,,,,,
14.2196,cmd,,,,,0.00000,0.10379,,,
14.2197,status,,,,,,,TRACKING,,
14.2216,target,-0.01293,-0.10974,0.014963,380.4367,,,,,
14.2555,target,-0.00991,-0.14380,0.016951,380.4373,,,,,
14.2704,cmd,,,,,0.00000,0.11504,,,
14.2707,status,,,,,,,TRACKING,,
14.2866,target,-0.00604,-0.11787,0.015556,380.4350,,,,,
14.3182,target,-0.00408,-0.11509,0.015467,380.4332,,,,,
14.3184,cmd,,,,,0.00000,0.09430,,,
14.3185,status,,,,,,,TRACKING,,
14.3545,target,-0.00576,-0.14422,0.017407,380.4361,,,,,
14.3711,cmd,,,,,0.00000,0.11538,,,
14.3712,status,,,,,,,TRACKING,,
14.3869,target,-0.00576,-0.14198,0.017511,380.4352,,,,,
14.4189,cmd,,,,,0.00000,0.11358,,,
14.4190,status,,,,,,,TRACKING,,
14.4202,target,-0.00736,-0.14069,0.017778,380.4352,,,,,
14.4529,target,-0.00996,-0.13578,0.017724,380.4345,,,,,
14.4701,cmd,,,,,0.00000,0.10862,,,
14.4719,status,,,,,,,TRACKING,,
14.4898,target,-0.01520,-0.12273,0.017507,380.4381,,,,,
14.5180,target,-0.02391,-0.10357,0.016710,380.4329,,,,,
14.5183,cmd,,,,,0.00000,0.09819,,,
14.5184,status,,,,,,,TRACKING,,
14.5560,target,-0.03587,-0.00685,0.012734,380.4375,,,,,
14.5696,cmd,,,,,0.00000,0.00000,,,
14.5704,status,,,,,,,CENTERED,,
14.5863,target,-0.04836,0.01028,0.012031,380.4345,,,,,
14.6191,cmd,,,,,0.00000,0.00000,,,
14.6192,status,,,,,,,CENTERED,,
14.6205,joint,,,,,,,,-1.55699,0.21782
14.6224,target,-0.06037,0.02443,0.011810,380.4372,,,,,
14.6554,target,-0.07359,0.03358,0.011411,380.4369,,,,,
14.6706,cmd,,,,,0.18398,0.00000,,,
14.6707,status,,,,,,,TRACKING,,
14.6881,target,-0.08994,0.04995,0.010421,380.4362,,,,,
14.7193,cmd,,,,,0.22486,0.00000,,,
14.7194,status,,,,,,,TRACKING,,
14.7229,target,-0.10413,0.05367,0.010122,380.4376,,,,,
14.7549,target,-0.12345,0.05930,0.009572,380.4363,,,,,
14.7705,cmd,,,,,0.30862,-0.04744,,,
14.7714,status,,,,,,,TRACKING,,
14.7877,target,-0.13776,0.05016,0.010302,380.4357,,,,,
14.8188,cmd,,,,,0.34439,-0.04013,,,
14.8189,status,,,,,,,TRACKING,,
14.8212,target,-0.15410,0.04946,0.011270,380.4359,,,,,
14.8557,target,-0.17086,-0.06541,0.016819,380.4370,,,,,
14.8708,cmd,,,,,0.42714,0.05233,,,
14.8710,status,,,,,,,TRACKING,,
14.8867,target,-0.19935,-0.05511,0.017266,380.4346,,,,,
14.9185,target,-0.22953,-0.04846,0.017730,380.4331,,,,,
14.9187,cmd,,,,,0.49838,0.04409,,,
14.9191,status,,,,,,,TRACKING,,
14.9548,target,-0.26189,-0.03930,0.018283,380.4360,,,,,
14.9713,cmd,,,,,0.60000,0.00000,,,
14.9713,status,,,,,,,TRACKING,,
14.9875,target,-0.29007,-0.03771,0.018921,380.4353,,,,,
15.0196,target,-0.31803,-0.03002,0.019403,380.4341,,,,,
15.0197,cmd,,,,,0.60000,0.00000,,,
15.0198,status,,,,,,,TRACKING,,
15.0550,target,-0.34698,-0.02462,0.019939,380.4361,,,,,
15.0710,cmd,,,,,0.60000,0.00000,,,
15.0736,status,,,,,,,TRACKING,,
15.0871,target,-0.37542,-0.01379,0.020603,380.4349,,,,,
15.1175,target,-0.40248,-0.00669,0.021053,380.4319,,,,,
15.1183,cmd,,,,,0.60000,0.00000,,,
15.1184,status,,,,,,,TRACKING,,
15.1201,joint,,,,,,,,-1.52324,0.22243
15.1549,target,-0.42791,-0.00671,0.021773,380.4360,,,,,
15.1699,cmd,,,,,0.60000,0.00000,,,
15.1713,status,,,,,,,TRACKING,,
15.1875,target,-0.45107,-0.01268,0.022465,380.4353,,,,,
15.2190,cmd,,,,,0.60000,0.00000,,,
15.2191,status,,,,,,,TRACKING,,
15.2200,target,-0.47236,-0.01849,0.022754,380.4344,,,,,
15.2544,target,-0.49055,-0.02078,0.022491,380.4354,,,,,
15.2701,cmd,,,,,0.60000,0.00000,,,
15.2713,status,,,,,,,TRACKING,,
15.2888,target,-0.50538,-0.02943,0.022324,380.4365,,,,,
15.3202,cmd,,,,,0.60000,0.00000,,,
15.3203,status,,,,,,,TRACKING,,
15.3206,target,-0.52010,-0.03714,0.022172,380.4349,,,,,
15.3549,target,-0.53208,-0.04713,0.022081,380.4359,,,,,
15.3699,cmd,,,,,0.60000,0.00000,,,
15.3713,status,,,,,,,TRACKING,,
15.3878,target,-0.54629,-0.04972,0.021688,380.4353,,,,,
15.4189,cmd,,,,,0.60000,0.00000,,,
15.4191,status,,,,,,,TRACKING,,
15.4211,target,-0.55855,-0.05276,0.021354,380.4353,,,,,
15.4547,target,-0.56962,-0.05943,0.020627,380.4356,,,,,
15.4716,cmd,,,,,0.60000,0.04755,,,
15.4717,status,,,,,,,TRACKING,,
15.4872,target,-0.57667,-0.06713,0.019874,380.4347,,,,,
15.5194,cmd,,,,,0.60000,0.05370,,,
15.5195,status,,,,,,,TRACKING,,
15.5207,target,-0.58388,-0.07709,0.019204,380.4349,,,,,
15.5553,target,-0.59001,-0.08874,0.018461,380.4361,,,,,
15.5698,cmd,,,,,0.60000,0.07099,,,
15.5712,status,,,,,,,TRACKING,,
15.5889,target,-0.59424,-0.10484,0.018082,380.4363,,,,,
15.6206,target,-0.59680,-0.11628,0.017628,380.4347,,,,,
15.6207,cmd,,,,,0.60000,0.08387,,,
15.6207,status,,,,,,,TRACKING,,
15.6209,joint,,,,,,,,-1.26707,0.22243
15.6561,target,-0.60049,-0.12957,0.018014,380.4368,,,,,
15.6697,cmd,,,,,0.60000,0.10366,,,
15.6723,status,,,,,,,TRACKING,,
15.6893,target,-0.60194,-0.13337,0.017873,380.4367,,,,,
15.7216,target,-0.59391,-0.09391,0.012958,380.4356,,,,,
15.7217,cmd,,,,,0.60000,0.10670,,,
15.7218,status,,,,,,,TRACKING,,
15.7561,target,-0.57987,-0.12971,0.024824,380.4367,,,,,
15.7707,cmd,,,,,0.60000,0.10377,,,
15.7713,status,,,,,,,TRACKING,,
15.7885,target,-0.57045,-0.14522,0.029512,380.4358,,,,,
15.8198,cmd,,,,,0.60000,0.11617,,,
15.8199,status,,,,,,,TRACKING,,
15.8213,target,-0.56395,-0.14134,0.031970,380.4353,,,,,
15.8567,target,-0.56081,-0.13683,0.032849,380.4373,,,,,
15.8704,cmd,,,,,0.60000,0.10946,,,
15.8707,status,,,,,,,TRACKING,,
15.8888,target,-0.55963,-0.11530,0.032674,380.4360,,,,,
15.9187,cmd,,,,,0.60000,0.09224,,,
15.9190,status,,,,,,,TRACKING,,
15.9216,target,-0.55812,-0.09716,0.032272,380.4355,,,,,
15.9541,target,-0.55397,-0.07532,0.031734,380.4346,,,,,
15.9714,cmd,,,,,0.60000,0.06026,,,
15.9731,status,,,,,,,TRACKING,,
15.9877,target,-0.55275,-0.05946,0.031664,380.4348,,,,,
16.0186,cmd,,,,,0.60000,0.04757,,,
16.0203,status,,,,,,,TRACKING,,
16.0214,target,-0.55022,-0.04794,0.031168,380.4352,,,,,
16.0567,target,-0.54626,-0.05086,0.030247,380.4372,,,,,
16.0702,cmd,,,,,0.60000,0.04069,,,
16.0732,status,,,,,,,TRACKING,,
16.0882,target,-0.54356,-0.05166,0.029742,380.4353,,,,,
16.1186,cmd,,,,,0.60000,0.04133,,,
16.1204,status,,,,,,,TRACKING,,
16.1207,joint,,,,,,,,-0.96641,0.25157
16.1228,target,-0.54265,-0.04863,0.028743,380.4365,,,,,
16.1558,target,-0.54440,-0.04646,0.027936,380.4362,,,,,
16.1706,cmd,,,,,0.60000,0.00000,,,
16.1708,status,,,,,,,TRACKING,,
16.1876,target,-0.54470,-0.03537,0.026068,380.4346,,,,,
16.2205,target,-0.54471,-0.03161,0.024451,380.4341,,,,,
16.2205,cmd,,,,,0.60000,0.00000,,,
16.2206,status,,,,,,,TRACKING,,
16.2547,target,-0.54240,-0.02899,0.022326,380.4350,,,,,
16.2708,cmd,,,,,0.60000,0.00000,,,
16.2723,status,,,,,,,TRACKING,,
16.2884,target,-0.54059,-0.01751,0.020493,380.4354,,,,,
16.3186,cmd,,,,,0.60000,0.00000,,,
16.3195,status,,,,,,,TRACKING,,
16.3213,target,-0.54238,-0.00479,0.019071,380.4349,,,,,
16.3567,target,-0.53925,0.01526,0.016693,380.4369,,,,,
16.3697,cmd,,,,,0.60000,0.00000,,,
16.3698,status,,,,,,,TRACKING,,
16.3887,target,-0.52878,0.02948,0.013876,380.4355,,,,,
16.4204,cmd,,,,,0.60000,0.00000,,,
16.4205,status,,,,,,,TRACKING,,
16.4209,target,-0.51848,0.07746,0.009744,380.4344,,,,,
16.4556,target,-0.51986,0.10080,0.007289,380.4358,,,,,
16.4698,cmd,,,,,0.60000,-0.08064,,,
16.4700,status,,,,,,,TRACKING,,
16.4888,target,-0.49935,0.09860,0.005299,380.4356,,,,,
16.5201,cmd,,,,,0.60000,-0.07888,,,
16.5202,status,,,,,,,TRACKING,,
16.5218,target,-0.51241,0.10836,0.006465,380.4352,,,,,
16.5550,target,-0.52010,0.13876,0.005911,380.4351,,,,,
16.5700,cmd,,,,,0.60000,-0.11101,,,
16.5711,status,,,,,,,TRACKING,,
16.5878,target,-0.51016,0.12427,0.008652,380.4345,,,,,
16.6188,cmd,,,,,0.60000,-0.09941,,,
16.6189,status,,,,,,,TRACKING,,
16.6242,target,-0.50185,0.09338,0.011981,380.4375,,,,,
16.6408,joint,,,,,,,,-0.65501,0.25771
16.6559,target,-0.49713,0.10310,0.013032,380.4359,,,,,
16.6701,cmd,,,,,0.60000,-0.08248,,,
16.6726,status,,,,,,,TRACKING,,
16.6888,target,-0.49323,0.07857,0.015894,380.4354,,,,,
16.7214,cmd,,,,,0.60000,-0.06285,,,
16.7216,status,,,,,,,TRACKING,,
16.7225,target,-0.48724,0.10562,0.014750,380.4358,,,,,
16.7564,target,-0.47898,0.10356,0.015148,380.4364,,,,,
16.7701,cmd,,,,,0.60000,-0.08285,,,
16.7709,status,,,,,,,TRACKING,,
16.7888,target,-0.47305,0.09637,0.016786,380.4354,,,,,
16.8216,target,-0.46279,0.08979,0.017027,380.4348,,,,,
16.8217,cmd,,,,,0.60000,-0.07710,,,
16.8218,status,,,,,,,TRACKING,,
16.8571,target,-0.45536,0.07438,0.018043,380.4370,,,,,
16.8701,cmd,,,,,0.60000,-0.05950,,,
16.8713,status,,,,,,,TRACKING,,
16.8888,target,-0.44826,0.06294,0.019156,380.4353,,,,,
16.9186,cmd,,,,,0.60000,-0.05036,,,
16.9188,status,,,,,,,TRACKING,,
16.9219,target,-0.44220,0.04273,0.019833,380.4351,,,,,
16.9558,target,-0.43430,0.03509,0.019991,380.4355,,,,,
16.9702,cmd,,,,,0.60000,0.00000,,,
16.9715,status,,,,,,,TRACKING,,
16.9888,target,-0.42333,0.03767,0.019852,380.4352,,,,,
17.0187,cmd,,,,,0.60000,0.00000,,,
17.0194,status,,,,,,,TRACKING,,
17.0245,target,-0.40832,0.04052,0.019501,380.4375,,,,,
17.0575,target,-0.39153,0.04280,0.018943,380.4372,,,,,
17.0701,cmd,,,,,0.60000,0.00000,,,
17.0733,status,,,,,,,TRACKING,,
17.0891,target,-0.37457,0.04437,0.018596,380.4355,,,,,
17.1188,cmd,,,,,0.60000,0.00000,,,
17.1189,status,,,,,,,TRACKING,,
17.1226,target,-0.35645,0.04558,0.017971,380.4356,,,,,
17.1409,joint,,,,,,,,-0.35588,0.23470
17.1566,target,-0.33278,0.05096,0.016947,380.4362,,,,,
17.1700,cmd,,,,,0.60000,-0.04077,,,
17.1725,status,,,,,,,TRACKING,,
17.1901,target,-0.30856,0.04994,0.016758,380.4364,,,,,
17.2201,cmd,,,,,0.60000,0.00000,,,
17.2202,status,,,,,,,TRACKING,,
17.2230,target,-0.28523,0.03976,0.016890,380.4360,,,,,
17.2560,target,-0.26741,0.02411,0.016608,380.4356,,,,,
17.2703,cmd,,,,,0.60000,0.00000,,,
17.2730,status,,,,,,,TRACKING,,
17.2894,target,-0.25009,0.01063,0.016456,380.4356,,,,,
17.3187,cmd,,,,,0.60000,0.00000,,,
17.3204,status,,,,,,,TRACKING,,
17.3225,target,-0.23163,0.00712,0.016374,380.4354,,,,,
17.3557,target,-0.21202,0.01912,0.016502,380.4352,,,,,
17.3705,cmd,,,,,0.53005,0.00000,,,
17.3707,status,,,,,,,TRACKING,,
17.3891,target,-0.19247,0.02027,0.016510,380.4353,,,,,
17.4202,cmd,,,,,0.48118,0.00000,,,
17.4203,status,,,,,,,TRACKING,,
17.4211,target,-0.17417,0.01613,0.016378,380.4339,,,,,
17.4565,target,-0.15782,0.01082,0.016395,380.4359,,,,,
17.4702,cmd,,,,,0.39455,0.00000,,,
17.4735,status,,,,,,,TRACKING,,
17.4893,target,-0.15073,0.01027,0.016391,380.4353,,,,,
17.5202,cmd,,,,,0.37682,0.00000,,,
17.5203,status,,,,,,,TRACKING,,
17.5211,target,-0.13262,0.01419,0.016018,380.4339,,,,,
17.5564,target,-0.10986,0.02251,0.015768,380.4357,,,,,
17.5714,cmd,,,,,0.27465,0.00000,,,
17.5716,status,,,,,,,TRACKING,,
17.5884,target,-0.08550,0.02436,0.015688,380.4344,,,,,
17.6226,target,-0.06254,0.03283,0.015469,380.4352,,,,,
17.6227,cmd,,,,,0.21375,0.00000,,,
17.6228,status,,,,,,,TRACKING,,
17.6564,target,-0.04086,0.03435,0.015295,380.4357,,,,,
17.6598,joint,,,,,,,,-0.05062,0.23470
17.6698,cmd,,,,,0.00000,0.00000,,,
17.6708,status,,,,,,,CENTERED,,
17.6902,target,-0.01811,0.03224,0.015106,380.4362,,,,,
17.7186,cmd,,,,,0.00000,0.00000,,,
17.7196,status,,,,,,,CENTERED,,
17.7236,target,0.00377,0.03377,0.014946,380.4362,,,,,
17.7556,target,0.02558,0.03201,0.014967,380.4348,,,,,
17.7699,cmd,,,,,0.00000,0.00000,,,
17.7721,status,,,,,,,CENTERED,,
17.7886,target,0.04620,0.02976,0.014766,380.4345,,,,,
17.8197,cmd,,,,,0.00000,0.00000,,,
17.8198,status,,,,,,,CENTERED,,
17.8235,target,0.06601,0.02393,0.014759,380.4360,,,,,
17.8568,target,0.08371,0.01607,0.014653,380.4359,,,,,
17.8697,cmd,,,,,-0.20927,0.00000,,,
17.8702,status,,,,,,,TRACKING,,
17.8904,target,0.09876,0.01239,0.014816,380.4362,,,,,
17.9194,cmd,,,,,-0.24690,0.00000,,,
17.9195,status,,,,,,,TRACKING,,
17.9242,target,0.10909,0.01313,0.014913,380.4366,,,,,
17.9559,target,0.11537,0.01648,0.014902,380.4349,,,,,
17.9698,cmd,,,,,-0.28842,0.00000,,,
17.9710,status,,,,,,,TRACKING,,
17.9904,target,0.11595,0.02306,0.014915,380.4361,,,,,
18.0191,cmd,,,,,-0.28987,0.00000,,,
18.0194,status,,,,,,,TRACKING,,
18.0244,target,0.11598,0.03204,0.014779,380.4368,,,,,
18.0563,target,0.11609,0.04118,0.014787,380.4353,,,,,
18.0705,cmd,,,,,-0.29023,0.00000,,,
18.0728,status,,,,,,,TRACKING,,
18.0896,target,0.11654,0.04741,0.014781,380.4352,,,,,
18.1185,cmd,,,,,-0.29136,0.00000,,,
18.1187,status,,,,,,,TRACKING,,
18.1218,target,0.11555,0.05204,0.014557,380.4341,,,,,
18.1572,target,0.11305,0.05178,0.014408,380.4362,,,,,
18.1695,cmd,,,,,-0.28264,-0.04142,,,
18.1698,status,,,,,,,TRACKING,,
18.1801,joint,,,,,,,,0.03221,0.23623
18.1906,target,0.10944,0.05106,0.014327,380.4362,,,,,
18.2191,cmd,,,,,-0.27360,-0.04085,,,
18.2193,status,,,,,,,TRACKING,,
18.2244,target,0.10454,0.04687,0.014132,380.4366,,,,,
18.2564,target,0.09694,0.04149,0.013967,380.4353,,,,,
18.2696,cmd,,,,,-0.24235,0.00000,,,
18.2699,status,,,,,,,TRACKING,,
18.2897,target,0.08705,0.03740,0.013915,380.4352,,,,,
18.3190,cmd,,,,,-0.21762,0.00000,,,
18.3191,status,,,,,,,TRACKING,,
18.3236,target,0.07571,0.03296,0.013891,380.4357,,,,,
18.3570,target,0.06261,0.03366,0.013965,380.4357,,,,,
18.3695,cmd,,,,,-0.15653,0.00000,,,
18.3703,status,,,,,,,TRACKING,,
18.3925,target,0.05033,0.03990,0.014049,380.4379,,,,,
18.4205,cmd,,,,,-0.12582,0.00000,,,
18.4206,status,,,,,,,TRACKING,,
18.4254,target,0.03702,0.05549,0.014058,380.4375,,,,,
18.4551,target,0.02383,0.07012,0.013958,380.4338,,,,,
18.4731,cmd,,,,,0.00000,-0.05610,,,
18.4732,status,,,,,,,TRACKING,,
18.4894,target,0.00990,0.07877,0.013887,380.4348,,,,,
18.5186,cmd,,,,,0.00000,-0.06301,,,
18.5188,status,,,,,,,TRACKING,,
18.5214,target,-0.00433,0.08165,0.013967,380.4334,,,,,
18.5561,target,-0.01815,0.08508,0.013913,380.4347,,,,,
18.5707,cmd,,,,,0.00000,-0.06806,,,
18.5717,status,,,,,,,TRACKING,,
18.5884,target,-0.02953,0.08765,0.013828,380.4337,,,,,
18.6195,cmd,,,,,0.00000,-0.07012,,,
18.6196,status,,,,,,,TRACKING,,
18.6246,target,-0.03603,0.08690,0.013648,380.4365,,,,,
18.6566,target,-0.03688,0.08101,0.013503,380.4352,,,,,
18.6702,cmd,,,,,0.00000,-0.06481,,,
18.6713,status,,,,,,,TRACKING,,
18.6802,joint,,,,,,,,-0.05676,0.23470
18.6907,target,-0.03316,0.07321,0.013071,380.4359,,,,,
18.7194,cmd,,,,,0.00000,-0.05857,,,
18.7195,status,,,,,,,TRACKING,,
18.7242,target,-0.02923,0.07219,0.012958,380.4361,,,,,
18.7558,target,-0.02528,0.07095,0.012767,380.4343,,,,,
18.7712,cmd,,,,,0.00000,-0.05676,,,
18.7724,status,,,,,,,TRACKING,,
18.7889,target,-0.02213,0.06858,0.012823,380.4340,,,,,
18.8195,cmd,,,,,0.00000,-0.05487,,,
18.8196,status,,,,,,,TRACKING,,
18.8240,target,-0.01943,0.07510,0.012758,380.4357,,,,,
18.8567,target,-0.01842,0.07963,0.012836,380.4351,,,,,
18.8698,cmd,,,,,0.00000,-0.06370,,,
18.8723,status,,,,,,,TRACKING,,
18.8895,target,-0.02028,0.08639,0.013010,380.4346,,,,,
18.9186,cmd,,,,,0.00000,-0.06911,,,
18.9188,status,,,,,,,TRACKING,,
18.9221,target,-0.02240,0.08462,0.013021,380.4338,,,,,
18.9547,target,-0.02344,0.08138,0.013153,380.4330,,,,,
18.9696,cmd,,,,,0.00000,-0.06510,,,
18.9698,status,,,,,,,TRACKING,,
18.9914,target,-0.02369,0.07625,0.013249,380.4364,,,,,
19.0187,cmd,,,,,0.00000,-0.06100,,,
19.0188,status,,,,,,,TRACKING,,
19.0225,target,-0.02370,0.07104,0.013283,380.4341,,,,,
19.0562,target,-0.02353,0.06681,0.013264,380.4344,,,,,
19.0708,cmd,,,,,0.00000,-0.05345,,,
19.0713,status,,,,,,,TRACKING,,
19.0905,target,-0.02353,0.06033,0.013251,380.4354,,,,,
19.1205,cmd,,,,,0.00000,-0.04827,,,
19.1207,status,,,,,,,TRACKING,,
19.1238,target,-0.02334,0.05393,0.013210,380.4353,,,,,
19.1567,target,-0.02333,0.04900,0.013266,380.4349,,,,,
19.1700,cmd,,,,,0.00000,0.00000,,,
19.1704,status,,,,,,,CENTERED,,
19.1805,joint,,,,,,,,-0.04448,0.21322
19.1901,target,-0.02294,0.04264,0.013194,380.4349,,,,,
19.2200,cmd,,,,,0.00000,0.00000,,,
19.2201,status,,,,,,,CENTERED,,
19.2218,target,-0.02332,0.04005,0.013299,380.4333,,,,,
19.2558,target,-0.02308,0.03873,0.013318,380.4339,,,,,
19.2696,cmd,,,,,0.00000,0.00000,,,
19.2723,status,,,,,,,CENTERED,,
19.2921,target,-0.02322,0.04038,0.013344,380.4369,,,,,
19.3187,cmd,,,,,0.00000,0.00000,,,
19.3205,status,,,,,,,CENTERED,,
19.3230,target,-0.02314,0.04197,0.013355,380.4344,,,,,
19.3557,target,-0.02303,0.04759,0.013331,380.4338,,,,,
19.3700,cmd,,,,,0.00000,0.00000,,,
19.3715,status,,,,,,,CENTERED,,
19.3921,target,-0.02370,0.04989,0.013498,380.4367,,,,,
19.4193,cmd,,,,,0.00000,0.00000,,,
19.4194,status,,,,,,,CENTERED,,
19.4245,target,-0.02393,0.04710,0.013474,380.4358,,,,,
19.4574,target,-0.02428,0.04615,0.013592,380.4354,,,,,
19.4701,cmd,,,,,0.00000,0.00000,,,
19.4712,status,,,,,,,CENTERED,,
19.4937,target,-0.02555,0.04152,0.013674,380.4382,,,,,
19.5187,cmd,,,,,0.00000,0.00000,,,
19.5189,status,,,,,,,CENTERED,,
19.5234,target,-0.02772,0.03949,0.013596,380.4346,,,,,
19.5578,target,-0.03090,0.03086,0.013859,380.4357,,,,,
19.5703,cmd,,,,,0.00000,0.00000,,,
19.5707,status,,,,,,,CENTERED,,
19.5910,target,-0.03388,0.02900,0.013806,380.4356,,,,,
19.6186,cmd,,,,,0.00000,0.00000,,,
19.6188,status,,,,,,,CENTERED,,
19.6222,target,-0.03371,0.03080,0.013958,380.4334,,,,,
19.6566,target,-0.03309,0.03157,0.013874,380.4344,,,,,
19.6698,cmd,,,,,0.00000,0.00000,,,
19.6714,status,,,,,,,CENTERED,,
19.6921,target,-0.03152,0.03190,0.013937,380.4366,,,,,
19.7021,joint,,,,,,,,-0.04602,0.20709
19.7215,cmd,,,,,0.00000,0.00000,,,
19.7219,status,,,,,,,CENTERED,,
19.7253,target,-0.03212,0.02934,0.013908,380.4364,,,,,
19.7567,target,-0.03280,0.03105,0.013917,380.4344,,,,,
19.7700,cmd,,,,,0.00000,0.00000,,,
19.7701,status,,,,,,,CENTERED,,
19.7923,target,-0.03351,0.03634,0.013921,380.4367,,,,,
19.8189,cmd,,,,,0.00000,0.00000,,,
19.8193,status,,,,,,,CENTERED,,
19.8232,target,-0.03378,0.03842,0.013885,380.4343,,,,,
19.8580,target,-0.03434,0.04213,0.013841,380.4357,,,,,
19.8697,cmd,,,,,0.00000,0.00000,,,
19.8726,status,,,,,,,CENTERED,,
19.8915,target,-0.03479,0.04598,0.013787,380.4358,,,,,
19.9189,cmd,,,,,0.00000,0.00000,,,
19.9195,status,,,,,,,CENTERED,,
19.9245,target,-0.03524,0.04646,0.013819,380.4354,,,,,
19.9571,target,-0.03559,0.04715,0.013830,380.4347,,,,,
19.9695,cmd,,,,,0.00000,0.00000,,,
19.9727,status,,,,,,,CENTERED,,
19.9926,target,-0.03570,0.04637,0.013661,380.4368,,,,,
